"nom","prénom","groupe","rattachement_parti","sexe","département","id_nossenateurs","url_institution"
"ADNOT","Philippe","Non inscrit","Union des Radicaux, Centristes, Indépendants et Démocrates","H","Aube","philippe-adnot","http://www.senat.fr/senateur/adnot_philippe89017r.html"
"AÏCHI","Leïla","Écologiste","Europe Écologie Les Verts","F","Paris","leila-aichi","http://www.senat.fr/senateur/aichi_leila11076s.html"
"ALLIZARD","Pascal","UMP","Union pour un Mouvement Populaire","H","Calvados","pascal-allizard","http://www.senat.fr/senateur/allizard_pascal14133k.html"
"AMIEL","Michel","Non inscrit","Parti radical de gauche","H","Bouches-du-Rhône","michel-amiel","http://www.senat.fr/senateur/amiel_michel14239u.html"
"ANDRÉ","Michèle","SOC","Parti socialiste","F","Puy-de-Dôme","michele-andre","http://www.senat.fr/senateur/andre_michele01031l.html"
"ANTISTE","Maurice","SOC","Parti progressiste Martiniquais","H","Martinique","maurice-antiste","http://www.senat.fr/senateur/antiste_maurice11109j.html"
"ANZIANI","Alain","SOC","Parti socialiste","H","Gironde","alain-anziani","http://www.senat.fr/senateur/anziani_alain08025t.html"
"ARCHIMBAUD","Aline","Écologiste","Europe Écologie Les Verts","F","Seine-Saint-Denis","aline-archimbaud","http://www.senat.fr/senateur/archimbaud_aline11055m.html"
"ARNELL","Jacques","RDSE","Rassemblement démocratique pour la Martinique","H","Saint-Martin","guillaume-arnell","http://www.senat.fr/senateur/arnell_guillaume14261s.html"
"ASSASSI","Éliane","CRC","Parti communiste Français","F","Seine-Saint-Denis","eliane-assassi","http://www.senat.fr/senateur/assassi_eliane04085p.html"
"ASSOULINE","David","SOC","Parti socialiste","H","Paris","david-assouline","http://www.senat.fr/senateur/assouline_david04059m.html"
"AUBEY","François","SOC","Parti socialiste","H","Calvados","francois-aubey","http://www.senat.fr/senateur/aubey_francois14137p.html"
"BAILLY","Dominique","SOC","Parti socialiste","H","Nord","dominique-bailly","http://www.senat.fr/senateur/bailly_dominique11039m.html"
"BAILLY","Gérard","UMP","Union pour un Mouvement Populaire","H","Jura","gerard-bailly","http://www.senat.fr/senateur/bailly_gerard01008m.html"
"BARBIER","Gilbert","RDSE","Parti radical de gauche","H","Jura","gilbert-barbier","http://www.senat.fr/senateur/barbier_gilbert01046t.html"
"BAROIN","François","UMP","Union pour un Mouvement Populaire","H","Aube","francois-baroin","http://www.senat.fr/senateur/baroin_francois05004a.html"
"BAS","Philippe","UMP","Union pour un Mouvement Populaire","H","Manche","philippe-bas","http://www.senat.fr/senateur/bas_philippe05008e.html"
"BATAILLE","Delphine","SOC","Parti socialiste","F","Nord","delphine-bataille","http://www.senat.fr/senateur/bataille_delphine11036j.html"
"BEAUFILS","Marie-France","CRC","Parti communiste Français","F","Indre-et-Loire","marie-france-beaufils","http://www.senat.fr/senateur/beaufils_marie_france01013j.html"
"BÉCHU","Christophe","UMP","Union pour un Mouvement Populaire","H","Maine-et-Loire","christophe-bechu","http://www.senat.fr/senateur/bechu_christophe11030c.html"
"BENBASSA","Esther","Écologiste","Europe Écologie Les Verts","F","Val-de-Marne","esther-benbassa","http://www.senat.fr/senateur/benbassa_esther11033f.html"
"BÉRIT-DÉBAT","Claude","SOC","Parti socialiste","H","Dordogne","claude-berit-debat","http://www.senat.fr/senateur/berit_debat_claude08055a.html"
"BERSON","Michel","SOC","Non rattaché","H","Essonne","michel-berson","http://www.senat.fr/senateur/berson_michel11068s.html"
"BERTRAND","Alain","RDSE","Parti socialiste","H","Lozère","alain-bertrand","http://www.senat.fr/senateur/bertrand_alain11081p.html"
"BIGNON","Jérôme","UMP","Union pour un Mouvement Populaire","H","Somme","jerome-bignon","http://www.senat.fr/senateur/bignon_jerome14093u.html"
"BIGOT","Jacques","SOC","Parti socialiste","H","Bas-Rhin","jacques-bigot","http://www.senat.fr/senateur/bigot_jacques14065q.html"
"BILLON","Annick","UDI-UC","Association PSLE - Nouveau Centre","F","Vendée","annick-billon","http://www.senat.fr/senateur/billon_annick14030q.html"
"BILLOUT","Michel","CRC","Parti communiste Français","H","Seine-et-Marne","michel-billout","http://www.senat.fr/senateur/billout_michel04054g.html"
"BIZET","Jean","UMP","Union pour un Mouvement Populaire","H","Manche","jean-bizet","http://www.senat.fr/senateur/bizet_jean96004d.html"
"BLANDIN","Marie-Christine","Écologiste","Europe Écologie Les Verts","F","Nord","marie-christine-blandin","http://www.senat.fr/senateur/blandin_marie_christine01044r.html"
"BLONDIN","Maryvonne","SOC","Parti socialiste","F","Finistère","maryvonne-blondin","http://www.senat.fr/senateur/blondin_maryvonne08043v.html"
"BOCKEL","Jean-Marie","UDI-UC","Union des Radicaux, Centristes, Indépendants et Démocrates","H","Haut-Rhin","jean-marie-bockel","http://www.senat.fr/senateur/bockel_jean_marie04040a.html"
"BOCQUET","Éric","CRC","Parti communiste Français","H","Nord","eric-bocquet","http://www.senat.fr/senateur/bocquet_eric11040e.html"
"BONHOMME","François","UMP","Union pour un Mouvement Populaire","H","Tarn-et-Garonne","francois-bonhomme","http://www.senat.fr/senateur/bonhomme_francois14069u.html"
"BONNECARRERE","Philippe","UDI-UC","Union des Radicaux, Centristes, Indépendants et Démocrates","H","Tarn","philippe-bonnecarrere","http://www.senat.fr/senateur/bonnecarrere_philippe14089y.html"
"BONNEFOY","Nicole","SOC","Parti socialiste","F","Charente","nicole-bonnefoy","http://www.senat.fr/senateur/bonnefoy_nicole08060w.html"
"BOSINO","Jean-Pierre","CRC","Parti communiste Français","H","Oise","jean-pierre-bosino","http://www.senat.fr/senateur/bosino_jean_pierre14013p.html"
"BOTREL","Yannick","SOC","Parti socialiste","H","Côtes-d'Armor","yannick-botrel","http://www.senat.fr/senateur/botrel_yannick08014q.html"
"BOUCHART","Natacha","UMP","Union pour un Mouvement Populaire","F","Pas-de-Calais","natacha-bouchart","http://www.senat.fr/senateur/bouchart_natacha11060j.html"
"BOUCHET","Gilbert","UMP","Union pour un Mouvement Populaire","H","Drôme","gilbert-bouchet","http://www.senat.fr/senateur/bouchet_gilbert14105f.html"
"BOUCHOUX","Corinne","Écologiste","Europe Écologie Les Verts","F","Maine-et-Loire","corinne-bouchoux","http://www.senat.fr/senateur/bouchoux_corinne11029k.html"
"BOULARD","Jean-Claude","SOC","Parti socialiste","H","Sarthe","jean-claude-boulard","http://www.senat.fr/senateur/boulard_jean_claude14167v.html"
"BOURQUIN","Martial","SOC","Parti socialiste","H","Doubs","martial-bourquin","http://www.senat.fr/senateur/bourquin_martial08068f.html"
"BOUTANT","Michel","SOC","Parti socialiste","H","Charente","michel-boutant","http://www.senat.fr/senateur/boutant_michel08058d.html"
"BOUVARD","Michel","UMP","Union pour un Mouvement Populaire","H","Savoie","michel-bouvard","http://www.senat.fr/senateur/bouvard_michel14175v.html"
"BRICQ","Nicole","SOC","Parti socialiste","F","Seine-et-Marne","nicole-bricq","http://www.senat.fr/senateur/bricq_nicole04053f.html"
"BUFFET","François-Noël","UMP","Union pour un Mouvement Populaire","H","Rhône","francois-noel-buffet","http://www.senat.fr/senateur/buffet_francois_noel04047h.html"
"CABANEL","Henri","SOC","Parti socialiste","H","Hérault","henri-cabanel","http://www.senat.fr/senateur/cabanel_henri14207l.html"
"CADIC","Olivier","UDI-UC","Union des Radicaux, Centristes, Indépendants et Démocrates","H","Français établis hors de France","olivier-cadic","http://www.senat.fr/senateur/cadic_olivier14255u.html"
"CAFFET","Jean-Pierre","SOC","Parti socialiste","H","Paris","jean-pierre-caffet","http://www.senat.fr/senateur/caffet_jean_pierre04066l.html"
"CALVET","François","UMP","Union pour un Mouvement Populaire","H","Pyrénées-Orientales","francois-calvet","http://www.senat.fr/senateur/calvet_francois11101a.html"
"CAMANI","Pierre","SOC","Parti socialiste","H","Lot-et-Garonne","pierre-camani","http://www.senat.fr/senateur/camani_pierre11095v.html"
"CAMBON","Christian","UMP","Union pour un Mouvement Populaire","H","Val-de-Marne","christian-cambon","http://www.senat.fr/senateur/cambon_christian04042c.html"
"CAMPION","Claire-Lise","SOC","Parti socialiste","F","Essonne","claire-lise-campion","http://www.senat.fr/senateur/campion_claire_lise00003c.html"
"CANAYER","Agnès","UMP","Union pour un Mouvement Populaire","F","Seine-Maritime","agnes-canayer","http://www.senat.fr/senateur/canayer_agnes14053l.html"
"CANEVET","Michel","UDI-UC","Union des Radicaux, Centristes, Indépendants et Démocrates","H","Finistère","michel-canevet","http://www.senat.fr/senateur/canevet_michel14083s.html"
"CANTEGRIT","Jean-Pierre","UMP","Union pour un Mouvement Populaire","H","Français établis hors de France","jean-pierre-cantegrit","http://www.senat.fr/senateur/cantegrit_jean_pierre77002u.html"
"CAPO-CANELLAS","Vincent","UDI-UC","Union des Radicaux, Centristes, Indépendants et Démocrates","H","Seine-Saint-Denis","vincent-capo-canellas","http://www.senat.fr/senateur/capo_canellas_vincent11053k.html"
"CARCENAC","Thierry","SOC","Parti socialiste","H","Tarn","thierry-carcenac","http://www.senat.fr/senateur/carcenac_thierry14085u.html"
"CARDOUX","Jean-Noël","UMP","Union pour un Mouvement Populaire","H","Loiret","jean-noel-cardoux","http://www.senat.fr/senateur/cardoux_jean_noel11103c.html"
"CARLE","Jean-Claude","UMP","Union pour un Mouvement Populaire","H","Haute-Savoie","jean-claude-carle","http://www.senat.fr/senateur/carle_jean_claude95015c.html"
"CARRÈRE","Jean-Louis","SOC","Parti socialiste","H","Landes","jean-louis-carrere","http://www.senat.fr/senateur/carrere_jean_louis92015p.html"
"CARTRON","Françoise","SOC","Parti socialiste","F","Gironde","francoise-cartron","http://www.senat.fr/senateur/cartron_francoise08024s.html"
"CARVOUNAS","Luc","SOC","Parti socialiste","H","Val-de-Marne","luc-carvounas","http://www.senat.fr/senateur/carvounas_luc11032e.html"
"CASTELLI","Joseph","RDSE","Parti radical de gauche","H","Haute-Corse","joseph-castelli","http://www.senat.fr/senateur/castelli_joseph14201e.html"
"CAYEUX","Caroline","UMP","Union pour un Mouvement Populaire","F","Oise","caroline-cayeux","http://www.senat.fr/senateur/cayeux_caroline11044j.html"
"CAZEAU","Bernard","SOC","Parti socialiste","H","Dordogne","bernard-cazeau","http://www.senat.fr/senateur/cazeau_bernard98029w.html"
"CÉSAR","Gérard","UMP","Union pour un Mouvement Populaire","H","Gironde","gerard-cesar","http://www.senat.fr/senateur/cesar_gerard90003b.html"
"CHAIZE","Patrick","UMP","Union pour un Mouvement Populaire","H","Ain","patrick-chaize","http://www.senat.fr/senateur/chaize_patrick14038y.html"
"CHARON","Pierre","UMP","Union pour un Mouvement Populaire","H","Paris","pierre-charon","http://www.senat.fr/senateur/charon_pierre11080n.html"
"CHASSEING","Daniel","UMP","Union des Radicaux, Centristes, Indépendants et Démocrates","H","Corrèze","daniel-chasseing","http://www.senat.fr/senateur/chasseing_daniel14195a.html"
"CHATILLON","Alain","UMP","Union des Radicaux, Centristes, Indépendants et Démocrates","H","Haute-Garonne","alain-chatillon","http://www.senat.fr/senateur/chatillon_alain08028w.html"
"CHIRON","Jacques","SOC","Parti socialiste","H","Isère","jacques-chiron","http://www.senat.fr/senateur/chiron_jacques11042g.html"
"CLAIREAUX","Karine","SOC","Parti socialiste","F","Saint-Pierre-et-Miquelon","karine-claireaux","http://www.senat.fr/senateur/claireaux_karine11023d.html"
"COHEN","Laurence","CRC","Parti communiste Français","F","Val-de-Marne","laurence-cohen","http://www.senat.fr/senateur/cohen_laurence11031d.html"
"COLLIN","Yvon","RDSE","Parti radical de gauche","H","Tarn-et-Garonne","yvon-collin","http://www.senat.fr/senateur/collin_yvon88008l.html"
"COLLOMB","Gérard","SOC","Parti socialiste","H","Rhône","gerard-collomb","http://www.senat.fr/senateur/collomb_gerard99002p.html"
"COLLOMBAT","Pierre-Yves","RDSE","Parti radical de gauche","H","Var","pierre-yves-collombat","http://www.senat.fr/senateur/collombat_pierre_yves04038g.html"
"COMMEINHES","François","UMP","Union pour un Mouvement Populaire","H","Hérault","francois-commeinhes","http://www.senat.fr/senateur/commeinhes_francois14209n.html"
"CONWAY-MOURET","Hélène","SOC","Parti socialiste","F","Français établis hors de France","helene-conway-mouret","http://www.senat.fr/senateur/conway_mouret_helene11027h.html"
"CORNANO","Jacques","SOC","Parti socialiste","H","Guadeloupe","jacques-cornano","http://www.senat.fr/senateur/cornano_jacques11114f.html"
"CORNU","Gérard","UMP","Union pour un Mouvement Populaire","H","Eure-et-Loir","gerard-cornu","http://www.senat.fr/senateur/cornu_gerard98023q.html"
"COURTEAU","Roland","SOC","Parti socialiste","H","Aude","roland-courteau","http://www.senat.fr/senateur/courteau_roland80013x.html"
"COURTOIS","Jean-Patrick","UMP","Union pour un Mouvement Populaire","H","Saône-et-Loire","jean-patrick-courtois","http://www.senat.fr/senateur/courtois_jean_patrick95020y.html"
"CUKIERMAN","Cécile","CRC","Parti communiste Français","F","Loire","cecile-cukierman","http://www.senat.fr/senateur/cukierman_cecile11056n.html"
"DALLIER","Philippe","UMP","Union pour un Mouvement Populaire","H","Seine-Saint-Denis","philippe-dallier","http://www.senat.fr/senateur/dallier_philippe04086q.html"
"DANESI","René","UMP","Union pour un Mouvement Populaire","H","Haut-Rhin","rene-danesi","http://www.senat.fr/senateur/danesi_rene14079w.html"
"DANTEC","Ronan","Écologiste","Europe Écologie Les Verts","H","Loire-Atlantique","ronan-dantec","http://www.senat.fr/senateur/dantec_ronan11065p.html"
"DARNAUD","Mathieu","UMP","Union pour un Mouvement Populaire","H","Ardèche","mathieu-darnaud","http://www.senat.fr/senateur/darnaud_mathieu14259y.html"
"DASSAULT","Serge","UMP","Union pour un Mouvement Populaire","H","Essonne","serge-dassault","http://www.senat.fr/senateur/dassault_serge04055h.html"
"DAUDIGNY","Yves","SOC","Parti socialiste","H","Aisne","yves-daudigny","http://www.senat.fr/senateur/daudigny_yves08052w.html"
"DAUNIS","Marc","SOC","Parti socialiste","H","Alpes-Maritimes","marc-daunis","http://www.senat.fr/senateur/daunis_marc08038y.html"
"DAVID","Annie","CRC","Parti communiste Français","F","Isère","annie-david","http://www.senat.fr/senateur/david_annie01059y.html"
"DEBRÉ","Isabelle","UMP","Union pour un Mouvement Populaire","F","Hauts-de-Seine","isabelle-debre","http://www.senat.fr/senateur/debre_isabelle04081k.html"
"del PICCHIA","Robert","UMP","Union pour un Mouvement Populaire","H","Français établis hors de France","robert-del-picchia","http://www.senat.fr/senateur/del_picchia_robert98018t.html"
"DELAHAYE","Vincent","UDI-UC","Union des Radicaux, Centristes, Indépendants et Démocrates","H","Essonne","vincent-delahaye","http://www.senat.fr/senateur/delahaye_vincent11070l.html"
"DELATTRE","Francis","UMP","Union pour un Mouvement Populaire","H","Val-d'Oise","francis-delattre","http://www.senat.fr/senateur/delattre_francis11088w.html"
"DELEBARRE","Michel","SOC","Parti socialiste","H","Nord","michel-delebarre","http://www.senat.fr/senateur/delebarre_michel11035h.html"
"DEMESSINE","Michelle","CRC","Parti communiste Français","F","Nord","michelle-demessine","http://www.senat.fr/senateur/demessine_michelle92018s.html"
"DÉRIOT","Gérard","UMP","Union pour un Mouvement Populaire","H","Allier","gerard-deriot","http://www.senat.fr/senateur/deriot_gerard98024r.html"
"DEROCHE","Catherine","UMP","Union pour un Mouvement Populaire","F","Maine-et-Loire","catherine-deroche","http://www.senat.fr/senateur/deroche_catherine10006l.html"
"DEROMEDI","Jacky","UMP","Union pour un Mouvement Populaire","F","Français établis hors de France","jacky-deromedi","http://www.senat.fr/senateur/deromedi_jacky14041t.html"
"DES ESGAULX","Marie-Hélène","UMP","Union pour un Mouvement Populaire","F","Gironde","marie-helene-des-esgaulx","http://www.senat.fr/senateur/des_esgaulx_marie_helene08022q.html"
"DESESSARD","Jean","Écologiste","Europe Écologie Les Verts","H","Paris","jean-desessard","http://www.senat.fr/senateur/desessard_jean04067m.html"
"DESEYNE","Chantal","UMP","Union pour un Mouvement Populaire","F","Eure-et-Loir","chantal-deseyne","http://www.senat.fr/senateur/deseyne_chantal14217n.html"
"DESPLAN","Félix","SOC","Parti socialiste","H","Guadeloupe","felix-desplan","http://www.senat.fr/senateur/desplan_felix11113e.html"
"DÉTRAIGNE","Yves","UDI-UC","Union des Radicaux, Centristes, Indépendants et Démocrates","H","Marne","yves-detraigne","http://www.senat.fr/senateur/detraigne_yves01024m.html"
"DIDIER","Évelyne","CRC","Parti communiste Français","F","Meurthe-et-Moselle","evelyne-didier","http://www.senat.fr/senateur/didier_evelyne01015l.html"
"DI FOLCO","Catherine","UMP","Union pour un Mouvement Populaire","F","Rhône","catherine-di-folco","http://www.senat.fr/senateur/di_folco_catherine14215l.html"
"DILAIN","Claude","SOC","Parti socialiste","H","Seine-Saint-Denis","claude-dilain","http://www.senat.fr/senateur/dilain_claude11051h.html"
"DOINEAU","Elisabeth","UDI-UC","Union des Radicaux, Centristes, Indépendants et Démocrates","F","Mayenne","elisabeth-doineau","http://www.senat.fr/senateur/doineau_elisabeth14042u.html"
"DOLIGÉ","Éric","UMP","Union pour un Mouvement Populaire","H","Loiret","eric-dolige","http://www.senat.fr/senateur/dolige_eric01027q.html"
"DOMINATI","Philippe","UMP","Union pour un Mouvement Populaire","H","Paris","philippe-dominati","http://www.senat.fr/senateur/dominati_philippe04071h.html"
"DUBOIS","Daniel","UDI-UC","Association PSLE - Nouveau Centre","H","Somme","daniel-dubois","http://www.senat.fr/senateur/dubois_daniel04089t.html"
"DUBOIS","Vincent","UDI-UC","Tahoeraa Huiraatira","H","Polynésie-française","vincent-dubois","http://www.senat.fr/senateur/dubois_vincent14043v.html"
"DUCHÊNE","Marie-Annick","UMP","Non rattachée","F","Yvelines","marie-annick-duchene","http://www.senat.fr/senateur/duchene_marie_annick11091r.html"
"DUPONT","Jean-Léonce","UDI-UC","Association PSLE - Nouveau Centre","H","Calvados","jean-leonce-dupont","http://www.senat.fr/senateur/dupont_jean_leonce98042t.html"
"DURAIN","Jérôme","SOC","Parti socialiste","H","Saône-et-Loire","jerome-durain","http://www.senat.fr/senateur/durain_jerome14151m.html"
"DURAN","Alain","SOC","Parti socialiste","H","Ariège","alain-duran","http://www.senat.fr/senateur/duran_alain14197c.html"
"DURANTON","Nicole","UMP","Union pour un Mouvement Populaire","F","Eure","nicole-duranton","http://www.senat.fr/senateur/duranton_nicole14249w.html"
"DURRIEU","Josette","SOC","Parti socialiste","F","Hautes-Pyrénées","josette-durrieu","http://www.senat.fr/senateur/durrieu_josette92020l.html"
"DUSSERRE","Jean-Yves","UMP","Union pour un Mouvement Populaire","H","Hautes-Alpes","jean-yves-dusserre","http://www.senat.fr/senateur/dusserre_jean_yves14129p.html"
"DUVERNOIS","Louis","UMP","Union pour un Mouvement Populaire","H","Français établis hors de France","louis-duvernois","http://www.senat.fr/senateur/duvernois_louis01041n.html"
"EBLÉ","Vincent","SOC","Parti socialiste","H","Seine-et-Marne","vincent-eble","http://www.senat.fr/senateur/eble_vincent11074q.html"
"EMERY-DUMAS","Anne","SOC","Parti socialiste","F","Nièvre","anne-emery-dumas","http://www.senat.fr/senateur/emery_dumas_anne12042y.html"
"EMORINE","Jean-Paul","UMP","Union pour un Mouvement Populaire","H","Saône-et-Loire","jean-paul-emorine","http://www.senat.fr/senateur/emorine_jean_paul95030b.html"
"ESNOL","Philippe","RDSE","Parti radical de gauche","H","Yvelines","philippe-esnol","http://www.senat.fr/senateur/esnol_philippe11096w.html"
"ESPAGNAC","Frédérique","SOC","Parti socialiste","F","Pyrénées-Atlantiques","frederique-espagnac","http://www.senat.fr/senateur/espagnac_frederique11110b.html"
"ESTROSI SASSONE","Dominique","UMP","Union pour un Mouvement Populaire","F","Alpes-Maritimes","dominique-estrosi-sassone","http://www.senat.fr/senateur/estrosi_sassone_dominique14187a.html"
"FALCO","Hubert","UMP","Union pour un Mouvement Populaire","H","Var","hubert-falco","http://www.senat.fr/senateur/falco_hubert95031c.html"
"FAVIER","Christian","CRC","Parti communiste Français","H","Val-de-Marne","christian-favier","http://www.senat.fr/senateur/favier_christian11034g.html"
"FÉRAT","Françoise","UDI-UC","Union des Radicaux, Centristes, Indépendants et Démocrates","F","Marne","francoise-ferat","http://www.senat.fr/senateur/ferat_francoise01025n.html"
"FILLEUL","Jean-Jacques","SOC","Parti socialiste","H","Indre-et-Loire","jean-jacques-filleul","http://www.senat.fr/senateur/filleul_jean_jacques11107g.html"
"FONTAINE","Michel","UMP","Union pour un Mouvement Populaire","H","Réunion","michel-fontaine","http://www.senat.fr/senateur/fontaine_michel11020a.html"
"FORISSIER","Michel","UMP","Union pour un Mouvement Populaire","H","Rhône","michel-forissier","http://www.senat.fr/senateur/forissier_michel14087w.html"
"FORTASSIN","François","RDSE","Parti radical de gauche","H","Hautes-Pyrénées","francois-fortassin","http://www.senat.fr/senateur/fortassin_francois01003g.html"
"FOUCAUD","Thierry","CRC","Parti communiste Français","H","Seine-Maritime","thierry-foucaud","http://www.senat.fr/senateur/foucaud_thierry98053w.html"
"FOUCHÉ","Alain","UMP","Union pour un Mouvement Populaire","H","Vienne","alain-fouche","http://www.senat.fr/senateur/fouche_alain02002k.html"
"FOURNIER","Bernard","UMP","Union pour un Mouvement Populaire","H","Loire","bernard-fournier","http://www.senat.fr/senateur/fournier_bernard97011g.html"
"FOURNIER","Jean-Paul","UMP","Union pour un Mouvement Populaire","H","Gard","jean-paul-fournier","http://www.senat.fr/senateur/fournier_jean_paul08065c.html"
"FRASSA","Christophe-","UMP","Union pour un Mouvement Populaire","H","Français établis hors de France","christophe-andre-frassa","http://www.senat.fr/senateur/frassa_christophe_andre08018u.html"
"FRÉCON","Jean-Claude","SOC","Parti socialiste","H","Loire","jean-claude-frecon","http://www.senat.fr/senateur/frecon_jean_claude01037s.html"
"FROGIER","Pierre","UMP","Rassemblement UMP (Rassemblement pour la Calédonie dans la République)","H","Nouvelle-Calédonie","pierre-frogier","http://www.senat.fr/senateur/frogier_pierre11010l.html"
"GABOUTY","Jean-Marc","UDI-UC","Union des Radicaux, Centristes, Indépendants et Démocrates","H","Haute-Vienne","jean-marc-gabouty","http://www.senat.fr/senateur/gabouty_jean_marc14034u.html"
"GARRIAUD-MAYLAM","Joëlle","UMP","Union pour un Mouvement Populaire","F","Français établis hors de France","joelle-garriaud-maylam","http://www.senat.fr/senateur/garriaud_maylam_joelle04035d.html"
"GATEL","Françoise","UDI-UC","Union des Radicaux, Centristes, Indépendants et Démocrates","F","Ille-et-Vilaine","francoise-gatel","http://www.senat.fr/senateur/gatel_francoise14231l.html"
"GATTOLIN","André","Écologiste","Europe Écologie Les Verts","H","Hauts-de-Seine","andre-gattolin","http://www.senat.fr/senateur/gattolin_andre11083r.html"
"GAUDIN","Jean-Claude","UMP","Union pour un Mouvement Populaire","H","Bouches-du-Rhône","jean-claude-gaudin","http://www.senat.fr/senateur/gaudin_jean_claude89029v.html"
"GAUTIER","Jacques","UMP","Union pour un Mouvement Populaire","H","Hauts-de-Seine","jacques-gautier","http://www.senat.fr/senateur/gautier_jacques07024n.html"
"GENEST","Jacques","UMP","Union pour un Mouvement Populaire","H","Ardèche","jacques-genest","http://www.senat.fr/senateur/genest_jacques14199e.html"
"GÉNISSON","Catherine","SOC","Parti socialiste","F","Pas-de-Calais","catherine-genisson","http://www.senat.fr/senateur/genisson_catherine11061k.html"
"GERMAIN","Jean","SOC","Parti socialiste","H","Indre-et-Loire","jean-germain","http://www.senat.fr/senateur/germain_jean11108h.html"
"GHALI","Samia","SOC","Parti socialiste","F","Bouches-du-Rhône","samia-ghali","http://www.senat.fr/senateur/ghali_samia08035v.html"
"GILLES","Bruno","UMP","Union pour un Mouvement Populaire","H","Bouches-du-Rhône","bruno-gilles","http://www.senat.fr/senateur/gilles_bruno08048b.html"
"GILLOT","Dominique","SOC","Parti socialiste","F","Val-d'Oise","dominique-gillot","http://www.senat.fr/senateur/gillot_dominique11089x.html"
"GILLOT","Jacques","SOC","Guadeloupe Unie Socialisme et Réalité","H","Guadeloupe","jacques-gillot","http://www.senat.fr/senateur/gillot_jacques04095r.html"
"GIRAUD","Éliane","SOC","Parti socialiste","F","Isère","eliane-giraud","http://www.senat.fr/senateur/giraud_eliane14014q.html"
"GIUDICELLI","Colette","UMP","Union pour un Mouvement Populaire","F","Alpes-Maritimes","colette-giudicelli","http://www.senat.fr/senateur/giudicelli_colette08041t.html"
"GODEFROY","Jean-Pierre","SOC","Parti socialiste","H","Manche","jean-pierre-godefroy","http://www.senat.fr/senateur/godefroy_jean_pierre01011g.html"
"GONTHIER-MAURIN","Brigitte","CRC","Parti communiste Français","F","Hauts-de-Seine","brigitte-gonthier-maurin","http://www.senat.fr/senateur/gonthier_maurin_brigitte07026q.html"
"GORCE","Gaëtan","SOC","Parti socialiste","H","Nièvre","gaetan-gorce","http://www.senat.fr/senateur/gorce_gaetan11015d.html"
"GOULET","Nathalie","UDI-UC","Le Centre pour la France","F","Orne","nathalie-goulet","http://www.senat.fr/senateur/goulet_nathalie07004j.html"
"GOURAULT","Jacqueline","UDI-UC","Le Centre pour la France","F","Loir-et-Cher","jacqueline-gourault","http://www.senat.fr/senateur/gourault_jacqueline01007l.html"
"GOURNAC","Alain","UMP","Union pour un Mouvement Populaire","H","Yvelines","alain-gournac","http://www.senat.fr/senateur/gournac_alain95035g.html"
"GOY-CHAVENT","Sylvie","UDI-UC","Union des Radicaux, Centristes, Indépendants et Démocrates","F","Ain","sylvie-goy-chavent","http://www.senat.fr/senateur/goy_chavent_sylvie08056b.html"
"GRAND","Jean-Pierre","UMP","Union pour un Mouvement Populaire","H","Hérault","jean-pierre-grand","http://www.senat.fr/senateur/grand_jean_pierre14211g.html"
"GREMILLET","Daniel","UMP","Union pour un Mouvement Populaire","H","Vosges","daniel-gremillet","http://www.senat.fr/senateur/gremillet_daniel14033t.html"
"GROSDIDIER","François","UMP","Union pour un Mouvement Populaire","H","Moselle","francois-grosdidier","http://www.senat.fr/senateur/grosdidier_francois11049p.html"
"GROSPERRIN","Jacques","UMP","Union pour un Mouvement Populaire","H","Doubs","jacques-grosperrin","http://www.senat.fr/senateur/grosperrin_jacques14123h.html"
"GRUNY","Pascale","UMP","Union pour un Mouvement Populaire","F","Aisne","pascale-gruny","http://www.senat.fr/senateur/gruny_pascale14026u.html"
"GUENÉ","Charles","UMP","Union pour un Mouvement Populaire","H","Haute-Marne","charles-guene","http://www.senat.fr/senateur/guene_charles01057w.html"
"GUÉRINI","Jean-Noël","Non inscrit","Parti radical de gauche","H","Bouches-du-Rhône","jean-noel-guerini","http://www.senat.fr/senateur/guerini_jean_noel98022p.html"
"GUERRIAU","Joël","UDI-UC","Association PSLE - Nouveau Centre","H","Loire-Atlantique","joel-guerriau","http://www.senat.fr/senateur/guerriau_joel11064n.html"
"GUILLAUME","Didier","SOC","Parti socialiste","H","Drôme","didier-guillaume","http://www.senat.fr/senateur/guillaume_didier08016s.html"
"GUILLEMOT","Annie","SOC","Parti socialiste","F","Rhône","annie-guillemot","http://www.senat.fr/senateur/guillemot_annie14081q.html"
"HAUT","Claude","SOC","Parti socialiste","H","Vaucluse","claude-haut","http://www.senat.fr/senateur/haut_claude95037j.html"
"HERVÉ","Loïc","UDI-UC","Association PSLE - Nouveau Centre","H","Haute-Savoie","loic-herve","http://www.senat.fr/senateur/herve_loic14179a.html"
"HERVIAUX","Odette","SOC","Parti socialiste","F","Morbihan","odette-herviaux","http://www.senat.fr/senateur/herviaux_odette01022k.html"
"HOUEL","Michel","UMP","Union pour un Mouvement Populaire","H","Seine-et-Marne","michel-houel","http://www.senat.fr/senateur/houel_michel04048j.html"
"HOUPERT","Alain","UMP","Union pour un Mouvement Populaire","H","Côte-d'Or","alain-houpert","http://www.senat.fr/senateur/houpert_alain08069g.html"
"HUE","Robert","RDSE","Parti radical de gauche","H","Val-d'Oise","robert-hue","http://www.senat.fr/senateur/hue_robert04078q.html"
"HUMMEL","Christiane","UMP","Union pour un Mouvement Populaire","F","Var","christiane-hummel","http://www.senat.fr/senateur/hummel_christiane04041b.html"
"HURÉ","Benoît","UMP","Union pour un Mouvement Populaire","H","Ardennes","benoit-hure","http://www.senat.fr/senateur/hure_benoit04097t.html"
"HUSSON","Jean-François","UMP","Union pour un Mouvement Populaire","H","Meurthe-et-Moselle","jean-francois-husson","http://www.senat.fr/senateur/husson_jean_francois11048n.html"
"HYEST","Jean-Jacques","UMP","Union pour un Mouvement Populaire","H","Seine-et-Marne","jean-jacques-hyest","http://www.senat.fr/senateur/hyest_jean_jacques95039l.html"
"IMBERT","Corinne","UMP","Union pour un Mouvement Populaire","F","Charente-Maritime","corinne-imbert","http://www.senat.fr/senateur/imbert_corinne14213j.html"
"IRITI","Teura","UDI-UC","Tahoeraa Huiraatira","F","Polynésie-française","teura-iriti","http://www.senat.fr/senateur/iriti_teura14044w.html"
"JARLIER","Pierre","UDI-UC","Le Centre pour la France","H","Cantal","pierre-jarlier","http://www.senat.fr/senateur/jarlier_pierre98027u.html"
"JEAN","Geneviève","SOC","Parti socialiste","F","Vaucluse","genevieve-jean","http://www.senat.fr/senateur/jean_genevieve14233n.html"
"JEANSANNETAS","Eric","SOC","Parti socialiste","H","Creuse","eric-jeansannetas","http://www.senat.fr/senateur/jeansannetas_eric14121f.html"
"JOISSAINS","Sophie","UDI-UC","Union des Radicaux, Centristes, Indépendants et Démocrates","F","Bouches-du-Rhône","sophie-joissains","http://www.senat.fr/senateur/joissains_sophie08044w.html"
"JOUANNO","Chantal","UDI-UC","Union des Radicaux, Centristes, Indépendants et Démocrates","F","Paris","chantal-jouanno","http://www.senat.fr/senateur/jouanno_chantal09001p.html"
"JOURDA","Gisèle","SOC","Parti socialiste","F","Aude","gisele-jourda","http://www.senat.fr/senateur/jourda_gisele14097y.html"
"JOUVE","Mireille","Non inscrit","Parti radical de gauche","F","Bouches-du-Rhône","mireille-jouve","http://www.senat.fr/senateur/jouve_mireille14241n.html"
"JOYANDET","Alain","UMP","Union pour un Mouvement Populaire","H","Haute-Saône","alain-joyandet","http://www.senat.fr/senateur/joyandet_alain95041e.html"
"KALTENBACH","Philippe","SOC","Parti socialiste","H","Hauts-de-Seine","philippe-kaltenbach","http://www.senat.fr/senateur/kaltenbach_philippe11084s.html"
"KAMMERMANN","Christiane","UMP","Union pour un Mouvement Populaire","F","Français établis hors de France","christiane-kammermann","http://www.senat.fr/senateur/kammermann_christiane04036e.html"
"KARAM","Antoine","SOC","Parti socialiste","H","Guyane","antoine-karam","http://www.senat.fr/senateur/karam_antoine14039a.html"
"KAROUTCHI","Roger","UMP","Union pour un Mouvement Populaire","H","Hauts-de-Seine","roger-karoutchi","http://www.senat.fr/senateur/karoutchi_roger99004r.html"
"KELLER","Fabienne","UMP","Union pour un Mouvement Populaire","F","Bas-Rhin","fabienne-keller","http://www.senat.fr/senateur/keller_fabienne04061f.html"
"KENNEL","Guy-Dominique","UMP","Union pour un Mouvement Populaire","H","Bas-Rhin","guy-dominique-kennel","http://www.senat.fr/senateur/kennel_guy_dominique14061l.html"
"KERN","Claude","UDI-UC","Association PSLE - Nouveau Centre","H","Bas-Rhin","claude-kern","http://www.senat.fr/senateur/kern_claude14073q.html"
"KHIARI","Bariza","SOC","Parti socialiste","F","Paris","bariza-khiari","http://www.senat.fr/senateur/khiari_bariza04077p.html"
"LABAZÉE","Georges","SOC","Parti socialiste","H","Pyrénées-Atlantiques","georges-labazee","http://www.senat.fr/senateur/labazee_georges11112d.html"
"LABBÉ","Joël","Écologiste","Europe Écologie Les Verts","H","Morbihan","joel-labbe","http://www.senat.fr/senateur/labbe_joel11099a.html"
"LABORDE","Françoise","RDSE","Parti radical de gauche","F","Haute-Garonne","francoise-laborde","http://www.senat.fr/senateur/laborde_francoise08031r.html"
"LALANDE","Bernard","SOC","Parti socialiste","H","Charente-Maritime","bernard-lalande","http://www.senat.fr/senateur/lalande_bernard14159v.html"
"LAMÉNIE","Marc","UMP","Union pour un Mouvement Populaire","H","Ardennes","marc-lamenie","http://www.senat.fr/senateur/lamenie_marc07029t.html"
"LAMURE","Élisabeth","UMP","Union pour un Mouvement Populaire","F","Rhône","elisabeth-lamure","http://www.senat.fr/senateur/lamure_elisabeth04049k.html"
"LARCHER","Gérard","UMP","Union pour un Mouvement Populaire","H","Yvelines","gerard-larcher","http://www.senat.fr/senateur/larcher_gerard86034e.html"
"LARCHER","Serge","SOC","Parti progressiste Martiniquais","H","Martinique","serge-larcher","http://www.senat.fr/senateur/larcher_serge04094q.html"
"LASSERRE","Jean-Jacques","UDI-UC","Le Centre pour la France","H","Pyrénées-Atlantiques","jean-jacques-lasserre","http://www.senat.fr/senateur/lasserre_jean_jacques11111c.html"
"LAUFOAULU","Robert","UMP","Rassemblement UMP (Rassemblement pour la Calédonie dans la République)","H","Wallis-et-Futuna","robert-laufoaulu","http://www.senat.fr/senateur/laufoaulu_robert98005n.html"
"LAURENT","Daniel","UMP","Union pour un Mouvement Populaire","H","Charente-Maritime","daniel-laurent","http://www.senat.fr/senateur/laurent_daniel08015r.html"
"LAURENT","Pierre","CRC","Parti communiste Français","H","Paris","pierre-laurent","http://www.senat.fr/senateur/laurent_pierre12041x.html"
"LECERF","Jean-René","UMP","Union pour un Mouvement Populaire","H","Nord","jean-rene-lecerf","http://www.senat.fr/senateur/lecerf_jean_rene01042p.html"
"LECONTE","Jean-Yves","SOC","Parti socialiste","H","Français établis hors de France","jean-yves-leconte","http://www.senat.fr/senateur/leconte_jean_yves11026g.html"
"LEFÈVRE","Antoine","UMP","Union pour un Mouvement Populaire","H","Aisne","antoine-lefevre","http://www.senat.fr/senateur/lefevre_antoine08010l.html"
"LEGENDRE","Jacques","UMP","Union pour un Mouvement Populaire","H","Nord","jacques-legendre","http://www.senat.fr/senateur/legendre_jacques92031p.html"
"de LEGGE","Dominique","UMP","Union pour un Mouvement Populaire","H","Ille-et-Vilaine","dominique-de-legge","http://www.senat.fr/senateur/de_legge_dominique08034u.html"
"LELEUX","Jean-Pierre","UMP","Union pour un Mouvement Populaire","H","Alpes-Maritimes","jean-pierre-leleux","http://www.senat.fr/senateur/leleux_jean_pierre08039a.html"
"LEMOYNE","Jean-Baptiste","UMP","Union pour un Mouvement Populaire","H","Yonne","jean-baptiste-lemoyne","http://www.senat.fr/senateur/lemoyne_jean_baptiste14037x.html"
"LENOIR","Jean-Claude","UMP","Union pour un Mouvement Populaire","H","Orne","jean-claude-lenoir","http://www.senat.fr/senateur/lenoir_jean_claude11100y.html"
"LEPAGE","Claudine","SOC","Parti socialiste","F","Français établis hors de France","claudine-lepage","http://www.senat.fr/senateur/lepage_claudine08017t.html"
"LEROY","Jean-Claude","SOC","Parti socialiste","H","Pas-de-Calais","jean-claude-leroy","http://www.senat.fr/senateur/leroy_jean_claude11059r.html"
"LEROY","Philippe","UMP","Union pour un Mouvement Populaire","H","Moselle","philippe-leroy","http://www.senat.fr/senateur/leroy_philippe01061s.html"
"LE SCOUARNEC","Michel","CRC","Parti communiste Français","H","Morbihan","michel-le-scouarnec","http://www.senat.fr/senateur/le_scouarnec_michel11098y.html"
"LÉTARD","Valérie","UDI-UC","Union des Radicaux, Centristes, Indépendants et Démocrates","F","Nord","valerie-letard","http://www.senat.fr/senateur/letard_valerie01043q.html"
"LIENEMANN","Marie-Noëlle","SOC","Parti socialiste","F","Paris","marie-noelle-lienemann","http://www.senat.fr/senateur/lienemann_marie_noelle11077t.html"
"LOISIER","Anne-Catherine","UDI-UC","Union des Radicaux, Centristes, Indépendants et Démocrates","F","Côte-d'Or","anne-catherine-loisier","http://www.senat.fr/senateur/loisier_anne_catherine14205j.html"
"LONGEOT","Jean-François","UDI-UC","Union des Radicaux, Centristes, Indépendants et Démocrates","H","Doubs","jean-francois-longeot","http://www.senat.fr/senateur/longeot_jean_francois14219q.html"
"LONGUET","Gérard","UMP","Union pour un Mouvement Populaire","H","Meuse","gerard-longuet","http://www.senat.fr/senateur/longuet_gerard01048v.html"
"LOPEZ","Vivette","UMP","Union pour un Mouvement Populaire","F","Gard","vivette-lopez","http://www.senat.fr/senateur/lopez_vivette14059s.html"
"LORGEOUX","Jeanny","SOC","Parti socialiste","H","Loir-et-Cher","jeanny-lorgeoux","http://www.senat.fr/senateur/lorgeoux_jeanny11106f.html"
"LOZACH","Jean-Jacques","SOC","Parti socialiste","H","Creuse","jean-jacques-lozach","http://www.senat.fr/senateur/lozach_jean_jacques08012n.html"
"LUCHE","Jean-Claude","UDI-UC","Union des Radicaux, Centristes, Indépendants et Démocrates","H","Aveyron","jean-claude-luche","http://www.senat.fr/senateur/luche_jean_claude14103d.html"
"MADEC","Roger","SOC","Parti socialiste","H","Paris","roger-madec","http://www.senat.fr/senateur/madec_roger04079r.html"
"MADRELLE","Philippe","SOC","Parti socialiste","H","Gironde","philippe-madrelle","http://www.senat.fr/senateur/madrelle_philippe80027e.html"
"MAGNER","Jacques-Bernard","SOC","Parti socialiste","H","Puy-de-Dôme","jacques-bernard-magner","http://www.senat.fr/senateur/magner_jacques_bernard11104d.html"
"MAGRAS","Michel","UMP","Union pour un Mouvement Populaire","H","Saint-Barthélemy","michel-magras","http://www.senat.fr/senateur/magras_michel08019v.html"
"MALHERBE","Hermeline","RDSE","Parti socialiste","F","Pyrénées-Orientales","hermeline-malherbe","http://www.senat.fr/senateur/malherbe_hermeline14018u.html"
"MALHURET","Claude","UMP","Union pour un Mouvement Populaire","H","Allier","claude-malhuret","http://www.senat.fr/senateur/malhuret_claude14251q.html"
"MANABLE","Christian","SOC","Parti socialiste","H","Somme","christian-manable","http://www.senat.fr/senateur/manable_christian14063n.html"
"MANDELLI","Didier","UMP","Union pour un Mouvement Populaire","H","Vendée","didier-mandelli","http://www.senat.fr/senateur/mandelli_didier14031r.html"
"MARC","François","SOC","Parti socialiste","H","Finistère","francois-marc","http://www.senat.fr/senateur/marc_francois98046x.html"
"MARC","Alain","UMP","Union des Radicaux, Centristes, Indépendants et Démocrates","H","Aveyron","alain-marc","http://www.senat.fr/senateur/marc_alain14111d.html"
"MARIE","Didier","SOC","Parti socialiste","H","Seine-Maritime","didier-marie","http://www.senat.fr/senateur/marie_didier14001x.html"
"MARINI","Philippe","UMP","Union pour un Mouvement Populaire","H","Oise","philippe-marini","http://www.senat.fr/senateur/marini_philippe92035t.html"
"MARSEILLE","Hervé","UDI-UC","Union des Radicaux, Centristes, Indépendants et Démocrates","H","Hauts-de-Seine","herve-marseille","http://www.senat.fr/senateur/marseille_herve11085t.html"
"MASSERET","Jean-Pierre","SOC","Parti socialiste","H","Moselle","jean-pierre-masseret","http://www.senat.fr/senateur/masseret_jean_pierre83042r.html"
"MASSON","Jean Louis","Non inscrit","Debout la République","H","Moselle","jean-louis-masson","http://www.senat.fr/senateur/masson_jean_louis01060r.html"
"MAUREY","Hervé","UDI-UC","Association PSLE - Nouveau Centre","H","Eure","herve-maurey","http://www.senat.fr/senateur/maurey_herve08009t.html"
"MAYET","Jean-François","UMP","Union pour un Mouvement Populaire","H","Indre","jean-francois-mayet","http://www.senat.fr/senateur/mayet_jean_francois08062y.html"
"MAZUIR","Rachel","SOC","Parti socialiste","H","Ain","rachel-mazuir","http://www.senat.fr/senateur/mazuir_rachel08053x.html"
"MÉDEVIELLE","Pierre","UDI-UC","Union des Radicaux, Centristes, Indépendants et Démocrates","H","Haute-Garonne","pierre-medevielle","http://www.senat.fr/senateur/medevielle_pierre14221j.html"
"MÉLOT","Colette","UMP","Union pour un Mouvement Populaire","F","Seine-et-Marne","colette-melot","http://www.senat.fr/senateur/melot_colette04057k.html"
"MERCIER","Michel","UDI-UC","Union des Radicaux, Centristes, Indépendants et Démocrates","H","Rhône","michel-mercier","http://www.senat.fr/senateur/mercier_michel95049n.html"
"MEUNIER","Michelle","SOC","Parti socialiste","F","Loire-Atlantique","michelle-meunier","http://www.senat.fr/senateur/meunier_michelle11067r.html"
"MÉZARD","Jacques","RDSE","Parti radical de gauche","H","Cantal","jacques-mezard","http://www.senat.fr/senateur/mezard_jacques08051v.html"
"MICHEL","Danielle","SOC","Parti socialiste","F","Landes","danielle-michel","http://www.senat.fr/senateur/michel_danielle11014c.html"
"MICOULEAU","Brigitte","UMP","Union pour un Mouvement Populaire","F","Haute-Garonne","brigitte-micouleau","http://www.senat.fr/senateur/micouleau_brigitte14223l.html"
"MILON","Alain","UMP","Union pour un Mouvement Populaire","H","Vaucluse","alain-milon","http://www.senat.fr/senateur/milon_alain04092n.html"
"MIQUEL","Gérard","SOC","Parti socialiste","H","Lot","gerard-miquel","http://www.senat.fr/senateur/miquel_gerard92039x.html"
"MOHAMED SOILIHI","Thani","SOC","Parti socialiste","H","Mayotte","thani-mohamed-soilihi","http://www.senat.fr/senateur/mohamed_soilihi_thani11072n.html"
"MONIER","Marie-Pierre","SOC","Parti socialiste","F","Drôme","marie-pierre-monier","http://www.senat.fr/senateur/monier_marie_pierre14109k.html"
"MONTAUGÉ","Franck","SOC","Parti socialiste","H","Gers","franck-montauge","http://www.senat.fr/senateur/montauge_franck14257w.html"
"d’ARTAGNAN","Aymeri","UDI-UC","Union des Radicaux, Centristes, Indépendants et Démocrates","H","Gers","aymeri-de-montesquiou","http://www.senat.fr/senateur/de_montesquiou_aymeri98032r.html"
"de MONTGOLFIER","Albéric","UMP","Union pour un Mouvement Populaire","H","Eure-et-Loir","alberic-de-montgolfier","http://www.senat.fr/senateur/de_montgolfier_alberic08011m.html"
"MORIN-DESAILLY","Catherine","UDI-UC","Association PSLE - Nouveau Centre","F","Seine-Maritime","catherine-morin-desailly","http://www.senat.fr/senateur/morin_desailly_catherine04070g.html"
"MORISSET","Jean-Marie","UMP","Union pour un Mouvement Populaire","H","Deux-Sèvres","jean-marie-morisset","http://www.senat.fr/senateur/morisset_jean_marie14119m.html"
"MOUILLER","Philippe","UMP","Union pour un Mouvement Populaire","H","Deux-Sèvres","philippe-mouiller","http://www.senat.fr/senateur/mouiller_philippe14071n.html"
"NACHBAR","Philippe","UMP","Union pour un Mouvement Populaire","H","Meurthe-et-Moselle","philippe-nachbar","http://www.senat.fr/senateur/nachbar_philippe92040q.html"
"NAMY","Christian","UDI-UC","Le Centre pour la France","H","Meuse","christian-namy","http://www.senat.fr/senateur/namy_christian11082q.html"
"NAVARRO","Robert","Non inscrit","Non rattaché","H","Hérault","robert-navarro","http://www.senat.fr/senateur/navarro_robert08021p.html"
"NÈGRE","Louis","UMP","Union pour un Mouvement Populaire","H","Alpes-Maritimes","louis-negre","http://www.senat.fr/senateur/negre_louis08042u.html"
"NÉRI","Alain","SOC","Parti socialiste","H","Puy-de-Dôme","alain-neri","http://www.senat.fr/senateur/neri_alain11105e.html"
"de NICOLAY","Louis-Jean","UMP","Union pour un Mouvement Populaire","H","Sarthe","louis-jean-de-nicolay","http://www.senat.fr/senateur/de_nicolay_louis_jean14169x.html"
"NOUGEIN","Claude","UMP","Union pour un Mouvement Populaire","H","Corrèze","claude-nougein","http://www.senat.fr/senateur/nougein_claude14253s.html"
"PANUNZI","Jean-Jacques","UMP","Union pour un Mouvement Populaire","H","Corse-du-Sud","jean-jacques-panunzi","http://www.senat.fr/senateur/panunzi_jean_jacques14191v.html"
"PATIENT","Georges","SOC","Parti socialiste","H","Guyane","georges-patient","http://www.senat.fr/senateur/patient_georges08073c.html"
"PATRIAT","François","SOC","Parti socialiste","H","Côte-d'Or","francois-patriat","http://www.senat.fr/senateur/patriat_francois08061x.html"
"PAUL","Philippe","UMP","Union pour un Mouvement Populaire","H","Finistère","philippe-paul","http://www.senat.fr/senateur/paul_philippe08047a.html"
"PELLEVAT","Cyril","UMP","Union pour un Mouvement Populaire","H","Haute-Savoie","cyril-pellevat","http://www.senat.fr/senateur/pellevat_cyril14237s.html"
"PERCHERON","Daniel","SOC","Parti socialiste","H","Pas-de-Calais","daniel-percheron","http://www.senat.fr/senateur/percheron_daniel83047w.html"
"PEROL-DUMONT","Marie-Françoise","SOC","Parti socialiste","F","Haute-Vienne","marie-francoise-perol-dumont","http://www.senat.fr/senateur/perol_dumont_marie_francoise14028w.html"
"PERRIN","Cédric","UMP","Union pour un Mouvement Populaire","H","Territoire-de-Belfort","cedric-perrin","http://www.senat.fr/senateur/perrin_cedric14193x.html"
"PIERRE","Jackie","UMP","Union pour un Mouvement Populaire","H","Vosges","jackie-pierre","http://www.senat.fr/senateur/pierre_jackie04088s.html"
"PILLET","François","UMP","Union pour un Mouvement Populaire","H","Cher","francois-pillet","http://www.senat.fr/senateur/pillet_francois07034q.html"
"PINTAT","Xavier","UMP","Union pour un Mouvement Populaire","H","Gironde","xavier-pintat","http://www.senat.fr/senateur/pintat_xavier98021n.html"
"PINTON","Louis","UMP","Union pour un Mouvement Populaire","H","Indre","louis-pinton","http://www.senat.fr/senateur/pinton_louis07032n.html"
"PLACÉ","Jean-Vincent","Écologiste","Europe Écologie Les Verts","H","Essonne","jean-vincent-place","http://www.senat.fr/senateur/place_jean_vincent11069t.html"
"POHER","Hervé","SOC","Parti socialiste","H","Pas-de-Calais","herve-poher","http://www.senat.fr/senateur/poher_herve13002u.html"
"POINTEREAU","Rémy","UMP","Union pour un Mouvement Populaire","H","Cher","remy-pointereau","http://www.senat.fr/senateur/pointereau_remy05012a.html"
"PONIATOWSKI","Ladislas","UMP","Union pour un Mouvement Populaire","H","Eure","ladislas-poniatowski","http://www.senat.fr/senateur/poniatowski_ladislas98050t.html"
"PORTELLI","Hugues","UMP","Union pour un Mouvement Populaire","H","Val-d'Oise","hugues-portelli","http://www.senat.fr/senateur/portelli_hugues04074l.html"
"POZZO di BORGO","Yves","UDI-UC","Union des Radicaux, Centristes, Indépendants et Démocrates","H","Paris","yves-pozzo-di-borgo","http://www.senat.fr/senateur/pozzo_di_borgo_yves04080j.html"
"PRIMAS","Sophie","UMP","Union pour un Mouvement Populaire","F","Yvelines","sophie-primas","http://www.senat.fr/senateur/primas_sophie11090q.html"
"PROCACCIA","Catherine","UMP","Union pour un Mouvement Populaire","F","Val-de-Marne","catherine-procaccia","http://www.senat.fr/senateur/procaccia_catherine04043d.html"
"PRUNAUD","Christine","CRC","Parti communiste Français","F","Côtes-d'Armor","christine-prunaud","http://www.senat.fr/senateur/prunaud_christine14235q.html"
"RACHLINE","David","Non inscrit","Front National","H","Var","david-rachline","http://www.senat.fr/senateur/rachline_david14247u.html"
"RAFFARIN","Jean-Pierre","UMP","Union pour un Mouvement Populaire","H","Vienne","jean-pierre-raffarin","http://www.senat.fr/senateur/raffarin_jean_pierre95059q.html"
"de RAINCOURT","Henri","UMP","Union pour un Mouvement Populaire","H","Yonne","henri-de-raincourt","http://www.senat.fr/senateur/de_raincourt_henri86044g.html"
"RAISON","Michel","UMP","Union pour un Mouvement Populaire","H","Haute-Saône","michel-raison","http://www.senat.fr/senateur/raison_michel14135m.html"
"RAOUL","Daniel","SOC","Parti socialiste","H","Maine-et-Loire","daniel-raoul","http://www.senat.fr/senateur/raoul_daniel01016m.html"
"RAVIER","Stéphane","Non inscrit","Front National","H","Bouches-du-Rhône","stephane-ravier","http://www.senat.fr/senateur/ravier_stephane14055n.html"
"RAYNAL","Claude","SOC","Parti socialiste","H","Haute-Garonne","claude-raynal","http://www.senat.fr/senateur/raynal_claude14225n.html"
"REICHARDT","André","UMP","Union pour un Mouvement Populaire","H","Bas-Rhin","andre-reichardt","http://www.senat.fr/senateur/reichardt_andre10015m.html"
"REINER","Daniel","SOC","Parti socialiste","H","Meurthe-et-Moselle","daniel-reiner","http://www.senat.fr/senateur/reiner_daniel01014k.html"
"REQUIER","Jean-Claude","RDSE","Parti radical de gauche","H","Lot","jean-claude-requier","http://www.senat.fr/senateur/requier_jean_claude11012a.html"
"RETAILLEAU","Bruno","UMP","Union pour un Mouvement Populaire","H","Vendée","bruno-retailleau","http://www.senat.fr/senateur/retailleau_bruno04033b.html"
"REVET","Charles","UMP","Union pour un Mouvement Populaire","H","Seine-Maritime","charles-revet","http://www.senat.fr/senateur/revet_charles95062k.html"
"RICHARD","Alain","SOC","Parti socialiste","H","Val-d'Oise","alain-richard","http://www.senat.fr/senateur/richard_alain95063l.html"
"ROBERT","Didier","UMP","Union pour un Mouvement Populaire","H","Réunion","didier-robert","http://www.senat.fr/senateur/robert_didier14017t.html"
"ROBERT","Sylvie","SOC","Parti socialiste","F","Ille-et-Vilaine","sylvie-robert","http://www.senat.fr/senateur/robert_sylvie14229s.html"
"ROCHE","Gérard","UDI-UC","Union des Radicaux, Centristes, Indépendants et Démocrates","H","Haute-Loire","gerard-roche","http://www.senat.fr/senateur/roche_gerard11093t.html"
"ROGER","Gilbert","SOC","Parti socialiste","H","Seine-Saint-Denis","gilbert-roger","http://www.senat.fr/senateur/roger_gilbert11054l.html"
"ROME","Yves","SOC","Parti socialiste","H","Oise","yves-rome","http://www.senat.fr/senateur/rome_yves11046l.html"
"ROUX","Jean-Yves","SOC","Parti socialiste","H","Alpes-de-Haute-Provence","jean-yves-roux","http://www.senat.fr/senateur/roux_jean_yves14107h.html"
"SAUGEY","Bernard","UMP","Union pour un Mouvement Populaire","H","Isère","bernard-saugey","http://www.senat.fr/senateur/saugey_bernard01019q.html"
"SAVARY","René-Paul","UMP","Union pour un Mouvement Populaire","H","Marne","rene-paul-savary","http://www.senat.fr/senateur/savary_rene_paul11097x.html"
"SAVIN","Michel","UMP","Union pour un Mouvement Populaire","H","Isère","michel-savin","http://www.senat.fr/senateur/savin_michel11043h.html"
"SCHILLINGER","Patricia","SOC","Parti socialiste","F","Haut-Rhin","patricia-schillinger","http://www.senat.fr/senateur/schillinger_patricia04045f.html"
"SIDO","Bruno","UMP","Union pour un Mouvement Populaire","H","Haute-Marne","bruno-sido","http://www.senat.fr/senateur/sido_bruno01058x.html"
"SOILIHI","Abdourahamane","UMP","Union pour un Mouvement Populaire","H","Mayotte","abdourahamane-soilihi","http://www.senat.fr/senateur/soilihi_abdourahamane11071m.html"
"SUEUR","Jean-Pierre","SOC","Parti socialiste","H","Loiret","jean-pierre-sueur","http://www.senat.fr/senateur/sueur_jean_pierre01028r.html"
"SUTOUR","Simon","SOC","Parti socialiste","H","Gard","simon-sutour","http://www.senat.fr/senateur/sutour_simon98035u.html"
"TANDONNET","Henri","UDI-UC","Union des Radicaux, Centristes, Indépendants et Démocrates","H","Lot-et-Garonne","henri-tandonnet","http://www.senat.fr/senateur/tandonnet_henri11094u.html"
"TASCA","Catherine","SOC","Parti socialiste","F","Yvelines","catherine-tasca","http://www.senat.fr/senateur/tasca_catherine04056j.html"
"TOCQUEVILLE","Nelly","SOC","Parti socialiste","F","Seine-Maritime","nelly-tocqueville","http://www.senat.fr/senateur/tocqueville_nelly14051j.html"
"TODESCHINI","Jean-Marc","SOC","Parti socialiste","H","Moselle","jean-marc-todeschini","http://www.senat.fr/senateur/todeschini_jean_marc01062t.html"
"TOURENNE","Jean-Louis","SOC","Parti socialiste","H","Ille-et-Vilaine","jean-louis-tourenne","http://www.senat.fr/senateur/tourenne_jean_louis14227q.html"
"TRILLARD","André","UMP","Union pour un Mouvement Populaire","H","Loire-Atlantique","andre-trillard","http://www.senat.fr/senateur/trillard_andre01056v.html"
"TROENDLÉ","Catherine","UMP","Union pour un Mouvement Populaire","F","Haut-Rhin","catherine-troendle","http://www.senat.fr/senateur/troendle_catherine04044e.html"
"TÜRK","Alex","Non inscrit","Debout la République","H","Nord","alex-turk","http://www.senat.fr/senateur/turk_alex92044u.html"
"VANDIERENDONCK","René","SOC","Parti socialiste","H","Nord","rene-vandierendonck","http://www.senat.fr/senateur/vandierendonck_rene11037k.html"
"VANLERENBERGHE","Jean-Marie","UDI-UC","Le Centre pour la France","H","Pas-de-Calais","jean-marie-vanlerenberghe","http://www.senat.fr/senateur/vanlerenberghe_jean_marie01034p.html"
"VASPART","Michel","UMP","Union pour un Mouvement Populaire","H","Côtes-d'Armor","michel-vaspart","http://www.senat.fr/senateur/vaspart_michel14157t.html"
"VAUGRENARD","Yannick","SOC","Parti socialiste","H","Loire-Atlantique","yannick-vaugrenard","http://www.senat.fr/senateur/vaugrenard_yannick11066q.html"
"VENDEGOU","Hilarion","UMP","Rassemblement UMP (Rassemblement pour la Calédonie dans la République)","H","Nouvelle-Calédonie","hilarion-vendegou","http://www.senat.fr/senateur/vendegou_hilarion11011m.html"
"VERGÈS","Paul","CRC","Parti communiste Réunionnais","H","Réunion","paul-verges","http://www.senat.fr/senateur/verges_paul96003c.html"
"VERGOZ","Michel","SOC","Parti socialiste","H","Réunion","michel-vergoz","http://www.senat.fr/senateur/vergoz_michel11025f.html"
"VIAL","Jean-Pierre","UMP","Union pour un Mouvement Populaire","H","Savoie","jean-pierre-vial","http://www.senat.fr/senateur/vial_jean_pierre95067q.html"
"VINCENT","Maurice","SOC","Parti socialiste","H","Loire","maurice-vincent","http://www.senat.fr/senateur/vincent_maurice11057p.html"
"VOGEL","Jean Pierre","UMP","Union pour un Mouvement Populaire","H","Sarthe","jean-pierre-vogel","http://www.senat.fr/senateur/vogel_jean_pierre14173t.html"
"WATRIN","Dominique","CRC","Parti communiste Français","H","Pas-de-Calais","dominique-watrin","http://www.senat.fr/senateur/watrin_dominique11063m.html"
"YUNG","Richard","SOC","Parti socialiste","H","Français établis hors de France","richard-yung","http://www.senat.fr/senateur/yung_richard04034c.html"
"ZOCCHETTO","François","UDI-UC","Union des Radicaux, Centristes, Indépendants et Démocrates","H","Mayenne","francois-zocchetto","http://www.senat.fr/senateur/zocchetto_francois01047u.html"
