"nom","prénom","groupe","rattachement_parti","sexe","département","id_nosdeputes","url_institution"
"DUBIÉ","Jeanine","NI","Parti Radical De Gauche","F","Hautes-Pyrénées","jeanine-dubie","http://www2.assemblee-nationale.fr/deputes/fiche/OMC_PA608292"
"FAVENNEC","Yannick","LC","Union Des Démocrates, Radicaux Et Libéraux","H","Mayenne","yannick-favennec-becot","http://www2.assemblee-nationale.fr/deputes/fiche/OMC_PA267042"
"SEMPASTOUS","Jean-Bernard","LREM","En Marche !","H","Hautes-Pyrénées","jean-bernard-sempastous","http://www2.assemblee-nationale.fr/deputes/fiche/OMC_PA720780"
"DELATTE","Rémi","LR","Les Républicains","H","Côte-d'Or","remi-delatte","http://www2.assemblee-nationale.fr/deputes/fiche/OMC_PA267450"
"COLOMBANI","Paul-André","NI","Régions Et Peuples Solidaires","H","Corse-du-Sud","paul-andre-colombani","http://www2.assemblee-nationale.fr/deputes/fiche/OMC_PA719286"
"FERRARA","Jean-Jacques","LR","Les Républicains","H","Corse-du-Sud","jean-jacques-ferrara","http://www2.assemblee-nationale.fr/deputes/fiche/OMC_PA643103"
"MARTIN","Didier","LREM","En Marche !","H","Côte-d'Or","didier-martin","http://www2.assemblee-nationale.fr/deputes/fiche/OMC_PA719154"
"DE COURSON","Yolaine","LREM","En Marche !","F","Côte-d'Or","yolaine-de-courson","http://www2.assemblee-nationale.fr/deputes/fiche/OMC_PA719194"
"PARIS","Didier","LREM","En Marche !","H","Côte-d'Or","didier-paris","http://www2.assemblee-nationale.fr/deputes/fiche/OMC_PA719202"
"FLORENNES","Isabelle","MODEM","Mouvement Démocrate","F","Hauts-de-Seine","isabelle-florennes","http://www2.assemblee-nationale.fr/deputes/fiche/OMC_PA721742"
"CALVEZ","Céline","LREM","En Marche !","F","Hauts-de-Seine","celine-calvez","http://www2.assemblee-nationale.fr/deputes/fiche/OMC_PA721750"
"LE GRIP","Constance","LR","Les Républicains","F","Hauts-de-Seine","constance-le-grip","http://www2.assemblee-nationale.fr/deputes/fiche/OMC_PA345722"
"MARILOSSIAN","Jacques","LREM","En Marche !","H","Hauts-de-Seine","jacques-marilossian","http://www2.assemblee-nationale.fr/deputes/fiche/OMC_PA721946"
"FAUCILLON","Elsa","GDR","Parti Communiste Francais","F","Hauts-de-Seine","elsa-faucillon","http://www2.assemblee-nationale.fr/deputes/fiche/OMC_PA721896"
"TAQUET","Adrien","LREM","En Marche !","H","Hauts-de-Seine","adrien-taquet","http://www2.assemblee-nationale.fr/deputes/fiche/OMC_PA722086"
"HENNION","Christine","LREM","En Marche !","F","Hauts-de-Seine","christine-hennion","http://www2.assemblee-nationale.fr/deputes/fiche/OMC_PA722094"
"MAIRE","Jacques","LREM","En Marche !","H","Hauts-de-Seine","jacques-maire","http://www2.assemblee-nationale.fr/deputes/fiche/OMC_PA722178"
"SOLÈRE","Thierry","LC","Les Républicains","H","Hauts-de-Seine","thierry-solere","http://www2.assemblee-nationale.fr/deputes/fiche/OMC_PA346876"
"ERRANTE","Sophie","LREM","En Marche !","F","Loire-Atlantique","sophie-errante","http://www2.assemblee-nationale.fr/deputes/fiche/OMC_PA607193"
"MAHJOUBI","Mounir","LREM","En Marche !","H","Paris","mounir-mahjoubi","http://www2.assemblee-nationale.fr/deputes/fiche/OMC_PA717167"
"OBONO","Danièle","LFI","La France Insoumise","F","Paris","daniele-obono","http://www2.assemblee-nationale.fr/deputes/fiche/OMC_PA721960"
"GOASGUEN","Claude","LR","Les Républicains","H","Paris","claude-goasguen","http://www2.assemblee-nationale.fr/deputes/fiche/OMC_PA1498"
"PAU-LANGEVIN","George","NG","Parti Socialiste","F","Paris","george-pau-langevin","http://www2.assemblee-nationale.fr/deputes/fiche/OMC_PA335532"
"GREGOIRE","Olivia","LREM","En Marche !","F","Paris","olivia-gregoire","http://www2.assemblee-nationale.fr/deputes/fiche/OMC_PA721764"
"RENSON","Hugues","LREM","En Marche !","H","Paris","hugues-renson","http://www2.assemblee-nationale.fr/deputes/fiche/OMC_PA721824"
"LANG","Anne-Christine","LREM","En Marche !","F","Paris","anne-christine-lang","http://www2.assemblee-nationale.fr/deputes/fiche/OMC_PA643205"
"DE SARNEZ","Marielle","MODEM","Mouvement Démocrate","F","Paris","marielle-de-sarnez","http://www2.assemblee-nationale.fr/deputes/fiche/OMC_PA717151"
"VANCEUNEBROCK-MIALON","Laurence","LREM","En Marche !","F","Allier","laurence-vanceunebrock-mialon","http://www2.assemblee-nationale.fr/deputes/fiche/OMC_PA718728"
"PEYROL","Bénédicte","LREM","En Marche !","F","Allier","benedicte-peyrol","http://www2.assemblee-nationale.fr/deputes/fiche/OMC_PA718736"
"BOURNAZEL","Pierre-Yves","LC","Les Républicains","H","Paris","pierre-yves-bournazel","http://www2.assemblee-nationale.fr/deputes/fiche/OMC_PA722030"
"DUFRÈGNE","Jean-Paul","GDR","Parti Communiste Francais","H","Allier","jean-paul-dufregne","http://www2.assemblee-nationale.fr/deputes/fiche/OMC_PA718720"
"FORISSIER","Nicolas","LR","Les Républicains","H","Indre","nicolas-forissier","http://www2.assemblee-nationale.fr/deputes/fiche/OMC_PA1327"
"ANTHOINE","Emmanuelle","LR","Les Républicains","F","Drôme","emmanuelle-anthoine","http://www2.assemblee-nationale.fr/deputes/fiche/OMC_PA719318"
"CLAPOT","Mireille","LREM","En Marche !","F","Drôme","mireille-clapot","http://www2.assemblee-nationale.fr/deputes/fiche/OMC_PA719294"
"DE LAVERGNE","Célia","LREM","En Marche !","F","Drôme","celia-de-lavergne","http://www2.assemblee-nationale.fr/deputes/fiche/OMC_PA719310"
"THOUROT","Alice","LREM","En Marche !","F","Drôme","alice-thourot","http://www2.assemblee-nationale.fr/deputes/fiche/OMC_PA719302"
"GAROT","Guillaume","NG","Parti Socialiste","H","Mayenne","guillaume-garot","http://www2.assemblee-nationale.fr/deputes/fiche/OMC_PA333285"
"BANNIER","Géraldine","MODEM","Mouvement Démocrate","F","Mayenne","geraldine-bannier","http://www2.assemblee-nationale.fr/deputes/fiche/OMC_PA720256"
"JAVOIS","Claire","LR","Les Républicains","F","Saint-Barthélemy et Saint-Martin","claire-guion-firmin","http://www2.assemblee-nationale.fr/deputes/fiche/OMC_PA721126"
"VIALAY","Michel","LR","Les Républicains","H","Yvelines","michel-vialay","http://www2.assemblee-nationale.fr/deputes/fiche/OMC_PA721968"
"MILLIENNE","Bruno","MODEM","Mouvement Démocrate","H","Yvelines","bruno-millienne","http://www2.assemblee-nationale.fr/deputes/fiche/OMC_PA721976"
"MBAYE","Jean François","LREM","En Marche !","H","Val-de-Marne","jean-francois-mbaye","http://www2.assemblee-nationale.fr/deputes/fiche/OMC_PA720870"
"BONNIVARD","Emilie","LR","Les Républicains","F","Savoie","emilie-bonnivard","http://www2.assemblee-nationale.fr/deputes/fiche/OMC_PA721410"
"DESCROZAILLE","Frédéric","LREM","En Marche !","H","Val-de-Marne","frederic-descrozaille","http://www2.assemblee-nationale.fr/deputes/fiche/OMC_PA720862"
"GOUFFIER-CHA","Guillaume","LREM","En Marche !","H","Val-de-Marne","guillaume-gouffier-cha","http://www2.assemblee-nationale.fr/deputes/fiche/OMC_PA721296"
"BRIDEY","Jean-Jacques","LREM","En Marche !","H","Val-de-Marne","jean-jacques-bridey","http://www2.assemblee-nationale.fr/deputes/fiche/OMC_PA672"
"PETIT","Maud","MODEM","Mouvement Démocrate","F","Val-de-Marne","maud-petit","http://www2.assemblee-nationale.fr/deputes/fiche/OMC_PA721234"
"CARREZ","Gilles","LR","Les Républicains","H","Val-de-Marne","gilles-carrez","http://www2.assemblee-nationale.fr/deputes/fiche/OMC_PA746"
"BARBIER","Frédéric","LREM","En Marche !","H","Doubs","frederic-barbier","http://www2.assemblee-nationale.fr/deputes/fiche/OMC_PA642724"
"GENEVARD","Annie","LR","Les Républicains","F","Doubs","annie-genevard","http://www2.assemblee-nationale.fr/deputes/fiche/OMC_PA605991"
"ALAUZET","Eric","LREM","En Marche !","H","Doubs","eric-alauzet","http://www2.assemblee-nationale.fr/deputes/fiche/OMC_PA605963"
"SOMMER","Denis","LREM","En Marche !","H","Doubs","denis-sommer","http://www2.assemblee-nationale.fr/deputes/fiche/OMC_PA719420"
"CHARVIER","Fannette","LREM","En Marche !","F","Doubs","fannette-charvier","http://www2.assemblee-nationale.fr/deputes/fiche/OMC_PA719170"
"SORRE","Bertrand","LREM","En Marche !","H","Manche","bertrand-sorre","http://www2.assemblee-nationale.fr/deputes/fiche/OMC_PA720190"
"TRAVERT","Stéphane","LREM","En Marche !","H","Manche","stephane-travert","http://www2.assemblee-nationale.fr/deputes/fiche/OMC_PA607395"
"GOSSELIN","Philippe","LR","Les Républicains","H","Manche","philippe-gosselin","http://www2.assemblee-nationale.fr/deputes/fiche/OMC_PA266797"
"KHATTABI","Fadila","LREM","En Marche !","F","Côte-d'Or","fadila-khattabi","http://www2.assemblee-nationale.fr/deputes/fiche/OMC_PA719186"
"FUCHS","Bruno","MODEM","En Marche !","H","Haut-Rhin","bruno-fuchs","http://www2.assemblee-nationale.fr/deputes/fiche/OMC_PA722284"
"BECHT","Olivier","LC","Les Républicains","H","Haut-Rhin","olivier-becht","http://www2.assemblee-nationale.fr/deputes/fiche/OMC_PA642935"
"SCHELLENBERGER","Raphaël","LR","Les Républicains","H","Haut-Rhin","raphael-schellenberger","http://www2.assemblee-nationale.fr/deputes/fiche/OMC_PA721314"
"REITZER","Jean-Luc","LR","Les Républicains","H","Haut-Rhin","jean-luc-reitzer","http://www2.assemblee-nationale.fr/deputes/fiche/OMC_PA2529"
"CATTIN","Jacques","LR","Les Républicains","H","Haut-Rhin","jacques-cattin","http://www2.assemblee-nationale.fr/deputes/fiche/OMC_PA767"
"STRAUMANN","Eric","LR","Les Républicains","H","Haut-Rhin","eric-straumann","http://www2.assemblee-nationale.fr/deputes/fiche/OMC_PA334654"
"TIEGNA","Huguette","LREM","En Marche !","F","Lot","huguette-tiegna","http://www2.assemblee-nationale.fr/deputes/fiche/OMC_PA720014"
"PRADIÉ","Aurélien","LR","Les Républicains","H","Lot","aurelien-pradie","http://www2.assemblee-nationale.fr/deputes/fiche/OMC_PA720100"
"KOKOUENDO","Rodrigue","LREM","En Marche !","H","Seine-et-Marne","rodrigue-kokouendo","http://www2.assemblee-nationale.fr/deputes/fiche/OMC_PA721644"
"PARIGI","Jean-François","LR","Les Républicains","H","Seine-et-Marne","jean-francois-parigi","http://www2.assemblee-nationale.fr/deputes/fiche/OMC_PA721636"
"RIESTER","Franck","LC","Les Républicains","H","Seine-et-Marne","franck-riester","http://www2.assemblee-nationale.fr/deputes/fiche/OMC_PA335758"
"JACOB","Christian","LR","Les Républicains","H","Seine-et-Marne","christian-jacob","http://www2.assemblee-nationale.fr/deputes/fiche/OMC_PA1695"
"JEGO","Yves","LC","Union Des Démocrates, Radicaux Et Libéraux","H","Seine-et-Marne","yves-jego","http://www2.assemblee-nationale.fr/deputes/fiche/OMC_PA267801"
"LACROUTE","Valérie","LR","Les Républicains","F","Seine-et-Marne","valerie-lacroute","http://www2.assemblee-nationale.fr/deputes/fiche/OMC_PA609245"
"LUQUET","Aude","MODEM","Mouvement Démocrate","F","Seine-et-Marne","aude-luquet","http://www2.assemblee-nationale.fr/deputes/fiche/OMC_PA721530"
"PEYRON","Michèle","LREM","En Marche !","F","Seine-et-Marne","michele-peyron","http://www2.assemblee-nationale.fr/deputes/fiche/OMC_PA721710"
"FAUVERGUE","Jean-Michel","LREM","En Marche !","H","Seine-et-Marne","jean-michel-fauvergue","http://www2.assemblee-nationale.fr/deputes/fiche/OMC_PA721702"
"LARSONNEUR","Jean-Charles","LREM","En Marche !","H","Finistère","jean-charles-larsonneur","http://www2.assemblee-nationale.fr/deputes/fiche/OMC_PA719396"
"LE GAC","Didier","LREM","En Marche !","H","Finistère","didier-le-gac","http://www2.assemblee-nationale.fr/deputes/fiche/OMC_PA719404"
"LE MEUR","Annaïg","LREM","En Marche !","F","Finistère","annaig-le-meur","http://www2.assemblee-nationale.fr/deputes/fiche/OMC_PA719388"
"FERRAND","Richard","LREM","En Marche !","H","Finistère","richard-ferrand","http://www2.assemblee-nationale.fr/deputes/fiche/OMC_PA606171"
"FESNEAU","Marc","MODEM","Mouvement Démocrate","H","Loir-et-Cher","marc-fesneau","http://www2.assemblee-nationale.fr/deputes/fiche/OMC_PA719938"
"PELTIER","Guillaume","LR","Les Républicains","H","Loir-et-Cher","guillaume-peltier","http://www2.assemblee-nationale.fr/deputes/fiche/OMC_PA719946"
"LEROY","Maurice","LC","Union Des Démocrates, Radicaux Et Libéraux","H","Loir-et-Cher","maurice-leroy","http://www2.assemblee-nationale.fr/deputes/fiche/OMC_PA1960"
"LE FEUR","Sandrine","LREM","En Marche !","F","Finistère","sandrine-le-feur","http://www2.assemblee-nationale.fr/deputes/fiche/OMC_PA719412"
"MELCHIOR","Graziella","LREM","En Marche !","F","Finistère","graziella-melchior","http://www2.assemblee-nationale.fr/deputes/fiche/OMC_PA719338"
"BRICOUT","Jean-Louis","NG","Parti Socialiste","H","Aisne","jean-louis-bricout","http://www2.assemblee-nationale.fr/deputes/fiche/OMC_PA605069"
"ROUSSEL","Fabien","GDR","Parti Communiste Francais","H","Nord","fabien-roussel","http://www2.assemblee-nationale.fr/deputes/fiche/OMC_PA720692"
"HABIB","David","NG","Parti Socialiste","H","Pyrénées-Atlantiques","david-habib","http://www2.assemblee-nationale.fr/deputes/fiche/OMC_PA1592"
"PINEL","Sylvia","NI","Parti Radical De Gauche","F","Tarn-et-Garonne","sylvia-pinel","http://www2.assemblee-nationale.fr/deputes/fiche/OMC_PA336175"
"RABAULT","Valérie","NG","Parti Socialiste","F","Tarn-et-Garonne","valerie-rabault","http://www2.assemblee-nationale.fr/deputes/fiche/OMC_PA609590"
"BESSOT BALLOT","Barbara","LREM","En Marche !","F","Haute-Saône","barbara-bessot-ballot","http://www2.assemblee-nationale.fr/deputes/fiche/OMC_PA722312"
"LEJEUNE","Christophe","LREM","En Marche !","H","Haute-Saône","christophe-lejeune","http://www2.assemblee-nationale.fr/deputes/fiche/OMC_PA722320"
"ESSAYAN","Nadia","MODEM","Mouvement Démocrate","F","Cher","nadia-essayan","http://www2.assemblee-nationale.fr/deputes/fiche/OMC_PA719044"
"KERVRAN","Loïc","LREM","En Marche !","H","Cher","loic-kervran","http://www2.assemblee-nationale.fr/deputes/fiche/OMC_PA719052"
"FONTENEL-PERSONNE","Pascale","LREM","En Marche !","F","Sarthe","pascale-fontenel-personne","http://www2.assemblee-nationale.fr/deputes/fiche/OMC_PA721384"
"CORMIER-BOULIGEON","François","LREM","En Marche !","H","Cher","francois-cormier-bouligeon","http://www2.assemblee-nationale.fr/deputes/fiche/OMC_PA719118"
"BRICOUT","Guy","LC","Union Des Démocrates, Radicaux Et Libéraux","H","Nord","guy-bricout","http://www2.assemblee-nationale.fr/deputes/fiche/OMC_PA267766"
"CHENU","Sébastien","NI","Front National","H","Nord","sebastien-chenu","http://www2.assemblee-nationale.fr/deputes/fiche/OMC_PA720468"
"CHRISTOPHE","Paul","LC","Les Républicains","H","Nord","paul-christophe","http://www2.assemblee-nationale.fr/deputes/fiche/OMC_PA642868"
"DE TEMMERMAN","Jennifer","LREM","En Marche !","F","Nord","jennifer-de-temmerman","http://www2.assemblee-nationale.fr/deputes/fiche/OMC_PA720538"
"BRUNEEL","Alain","GDR","Parti Communiste Francais","H","Nord","alain-bruneel","http://www2.assemblee-nationale.fr/deputes/fiche/OMC_PA720546"
"HOUBRON","Dimitri","LREM","En Marche !","H","Nord","dimitri-houbron","http://www2.assemblee-nationale.fr/deputes/fiche/OMC_PA720454"
"LEDOUX","Vincent","LC","Les Républicains","H","Nord","vincent-ledoux","http://www2.assemblee-nationale.fr/deputes/fiche/OMC_PA712014"
"PIETRASZEWSKI","Laurent","LREM","En Marche !","H","Nord","laurent-pietraszewski","http://www2.assemblee-nationale.fr/deputes/fiche/OMC_PA720512"
"CATTELOT","Anne Laure","LREM","En Marche !","F","Nord","anne-laure-cattelot","http://www2.assemblee-nationale.fr/deputes/fiche/OMC_PA720520"
"HUTIN","Christian","NG","Parti Socialiste","H","Nord","christian-hutin","http://www2.assemblee-nationale.fr/deputes/fiche/OMC_PA333818"
"LATOMBE","Philippe","MODEM","Mouvement Démocrate","H","Vendée","philippe-latombe","http://www2.assemblee-nationale.fr/deputes/fiche/OMC_PA721984"
"GALLERNEAU","Patricia","MODEM","Mouvement Démocrate","F","Vendée","patricia-gallerneau","http://www2.assemblee-nationale.fr/deputes/fiche/OMC_PA721992"
"BUCHOU","Stéphane","LREM","En Marche !","H","Vendée","stephane-buchou","http://www2.assemblee-nationale.fr/deputes/fiche/OMC_PA722000"
"LEGUILLE-BALLOY","Martine","LREM","En Marche !","F","Vendée","martine-leguille-balloy","http://www2.assemblee-nationale.fr/deputes/fiche/OMC_PA722008"
"HENRIET","Pierre","LREM","En Marche !","H","Vendée","pierre-henriet","http://www2.assemblee-nationale.fr/deputes/fiche/OMC_PA722070"
"POUEYTO","Josy","MODEM","Mouvement Démocrate","F","Pyrénées-Atlantiques","josy-poueyto","http://www2.assemblee-nationale.fr/deputes/fiche/OMC_PA720720"
"MAZARS","Stéphane","LREM","En Marche !","H","Aveyron","stephane-mazars","http://www2.assemblee-nationale.fr/deputes/fiche/OMC_PA677483"
"BLANC","Anne","LREM","En Marche !","F","Aveyron","anne-blanc","http://www2.assemblee-nationale.fr/deputes/fiche/OMC_PA718990"
"VIALA","Arnaud","LR","Les Républicains","H","Aveyron","arnaud-viala","http://www2.assemblee-nationale.fr/deputes/fiche/OMC_PA709315"
"MÖRCH","Sandrine","LREM","En Marche !","F","Haute-Garonne","sandrine-moerch","http://www2.assemblee-nationale.fr/deputes/fiche/OMC_PA719456"
"AVIRAGNET","Joël","NG","Parti Socialiste","H","Haute-Garonne","joel-aviragnet","http://www2.assemblee-nationale.fr/deputes/fiche/OMC_PA642764"
"PORTARRIEU","Jean-François","LREM","En Marche !","H","Haute-Garonne","jean-francois-portarrieu","http://www2.assemblee-nationale.fr/deputes/fiche/OMC_PA719528"
"NOGAL","Mickaël","LREM","En Marche !","H","Haute-Garonne","mickael-nogal","http://www2.assemblee-nationale.fr/deputes/fiche/OMC_PA719520"
"TOUTUT-PICARD","Elisabeth","LREM","En Marche !","F","Haute-Garonne","elisabeth-toutut-picard","http://www2.assemblee-nationale.fr/deputes/fiche/OMC_PA719540"
"IBORRA","Monique","LREM","En Marche !","F","Haute-Garonne","monique-iborra","http://www2.assemblee-nationale.fr/deputes/fiche/OMC_PA331835"
"CABARE","Pierre","LREM","En Marche !","H","Haute-Garonne","pierre-cabare","http://www2.assemblee-nationale.fr/deputes/fiche/OMC_PA719496"
"VIGNON","Corinne","LREM","En Marche !","F","Haute-Garonne","corinne-vignon","http://www2.assemblee-nationale.fr/deputes/fiche/OMC_PA719512"
"LAGLEIZE","Jean-Luc","MODEM","Mouvement Démocrate","H","Haute-Garonne","jean-luc-lagleize","http://www2.assemblee-nationale.fr/deputes/fiche/OMC_PA719504"
"PONT","Jean-Pierre","LREM","En Marche !","H","Pas-de-Calais","jean-pierre-pont","http://www2.assemblee-nationale.fr/deputes/fiche/OMC_PA2449"
"FASQUELLE","Daniel","LR","Les Républicains","H","Pas-de-Calais","daniel-fasquelle","http://www2.assemblee-nationale.fr/deputes/fiche/OMC_PA334149"
"DUMONT","Pierre-Henri","LR","Les Républicains","H","Pas-de-Calais","pierre-henri-dumont","http://www2.assemblee-nationale.fr/deputes/fiche/OMC_PA720684"
"BOURGUIGNON","Brigitte","LREM","En Marche !","F","Pas-de-Calais","brigitte-bourguignon","http://www2.assemblee-nationale.fr/deputes/fiche/OMC_PA608083"
"DUVERGÉ","Bruno","MODEM","Mouvement Démocrate","H","Pas-de-Calais","bruno-duverge","http://www2.assemblee-nationale.fr/deputes/fiche/OMC_PA720652"
"EVRARD","José","NI","Front National","H","Pas-de-Calais","jose-evrard","http://www2.assemblee-nationale.fr/deputes/fiche/OMC_PA720664"
"MAQUET","Jacqueline","LREM","En Marche !","F","Pas-de-Calais","jacqueline-maquet","http://www2.assemblee-nationale.fr/deputes/fiche/OMC_PA334116"
"DEPREZ-AUDEBERT","Marguerite","MODEM","Mouvement Démocrate","F","Pas-de-Calais","marguerite-deprez-audebert","http://www2.assemblee-nationale.fr/deputes/fiche/OMC_PA720598"
"POTTERIE","Benoit","LREM","En Marche !","H","Pas-de-Calais","benoit-potterie","http://www2.assemblee-nationale.fr/deputes/fiche/OMC_PA720590"
"BLEIN","Yves","LREM","En Marche !","H","Rhône","yves-blein","http://www2.assemblee-nationale.fr/deputes/fiche/OMC_PA608641"
"FALORNI","Olivier","NI","Parti Radical De Gauche","H","Charente-Maritime","olivier-falorni","http://www2.assemblee-nationale.fr/deputes/fiche/OMC_PA605694"
"ARDOUIN","Jean-Philippe","LREM","En Marche !","H","Charente-Maritime","jean-philippe-ardouin","http://www2.assemblee-nationale.fr/deputes/fiche/OMC_PA719100"
"TUFFNELL","Fréderique","LREM","En Marche !","F","Charente-Maritime","frederique-tuffnell","http://www2.assemblee-nationale.fr/deputes/fiche/OMC_PA719092"
"QUENTIN","Didier","LR","Les Républicains","H","Charente-Maritime","didier-quentin","http://www2.assemblee-nationale.fr/deputes/fiche/OMC_PA2492"
"GÉRARD","Raphaël","LREM","En Marche !","H","Charente-Maritime","raphael-gerard","http://www2.assemblee-nationale.fr/deputes/fiche/OMC_PA719108"
"CAZENEUVE","Jean-René","LREM","En Marche !","H","Gers","jean-rene-cazeneuve","http://www2.assemblee-nationale.fr/deputes/fiche/OMC_PA719472"
"ROUSSEL","Cédric","LREM","En Marche !","H","Alpes-Maritimes","cedric-roussel","http://www2.assemblee-nationale.fr/deputes/fiche/OMC_PA718902"
"DOMBREVAL","Loîc","LREM","En Marche !","H","Alpes-Maritimes","loic-dombreval","http://www2.assemblee-nationale.fr/deputes/fiche/OMC_PA718894"
"CIOTTI","Eric","LR","Les Républicains","H","Alpes-Maritimes","eric-ciotti","http://www2.assemblee-nationale.fr/deputes/fiche/OMC_PA330240"
"PICHEREAU","Damien","LREM","En Marche !","H","Sarthe","damien-pichereau","http://www2.assemblee-nationale.fr/deputes/fiche/OMC_PA721372"
"PAUGET","Eric","LR","Les Républicains","H","Alpes-Maritimes","eric-pauget","http://www2.assemblee-nationale.fr/deputes/fiche/OMC_PA718784"
"TRASTOUR-ISNART","Laurence","LR","Les Républicains","F","Alpes-Maritimes","laurence-trastour-isnart","http://www2.assemblee-nationale.fr/deputes/fiche/OMC_PA718780"
"BRENIER","Marine","LC","Les Républicains","F","Alpes-Maritimes","marine-brenier","http://www2.assemblee-nationale.fr/deputes/fiche/OMC_PA713448"
"VALETTA ARDISSON","Alexandra","LREM","En Marche !","F","Alpes-Maritimes","alexandra-valetta-ardisson","http://www2.assemblee-nationale.fr/deputes/fiche/OMC_PA718768"
"TABAROT","Michèle","LR","Les Républicains","F","Alpes-Maritimes","michele-tabarot","http://www2.assemblee-nationale.fr/deputes/fiche/OMC_PA267794"
"BROCHAND","Bernard","LR","Les Républicains","H","Alpes-Maritimes","bernard-brochand","http://www2.assemblee-nationale.fr/deputes/fiche/OMC_PA223837"
"LE FOLL","Stéphane","NG","Parti Socialiste","H","Sarthe","stephane-le-foll","http://www2.assemblee-nationale.fr/deputes/fiche/OMC_PA588886"
"BATUT","Xavier","LREM","En Marche !","H","Seine-Maritime","xavier-batut","http://www2.assemblee-nationale.fr/deputes/fiche/OMC_PA721522"
"ABADIE","Caroline","LREM","En Marche !","F","Isère","caroline-abadie","http://www2.assemblee-nationale.fr/deputes/fiche/OMC_PA719866"
"JACQUIER-LAFORGE","Elodie","MODEM","Mouvement Démocrate","F","Isère","elodie-jacquier-laforge","http://www2.assemblee-nationale.fr/deputes/fiche/OMC_PA719874"
"BATTISTEL","Marie-Noëlle","NG","Parti Socialiste","F","Isère","marie-noelle-battistel","http://www2.assemblee-nationale.fr/deputes/fiche/OMC_PA342415"
"KAMOWSKI","Catherine","LREM","En Marche !","F","Isère","catherine-kamowski","http://www2.assemblee-nationale.fr/deputes/fiche/OMC_PA719994"
"MOTIN","Cendra","LREM","En Marche !","F","Isère","cendra-motin","http://www2.assemblee-nationale.fr/deputes/fiche/OMC_PA719850"
"LIMON","Monique","LREM","En Marche !","F","Isère","monique-limon","http://www2.assemblee-nationale.fr/deputes/fiche/OMC_PA719858"
"VERAN","Olivier","LREM","En Marche !","H","Isère","olivier-veran","http://www2.assemblee-nationale.fr/deputes/fiche/OMC_PA642788"
"COLAS-ROY","Jean-Charles","LREM","En Marche !","H","Isère","jean-charles-colas-roy","http://www2.assemblee-nationale.fr/deputes/fiche/OMC_PA719740"
"CHALAS","Emilie","LREM","En Marche !","F","Isère","emilie-chalas","http://www2.assemblee-nationale.fr/deputes/fiche/OMC_PA719748"
"RUBIN","Sabine","LFI","La France Insoumise","F","Seine-Saint-Denis","sabine-rubin","http://www2.assemblee-nationale.fr/deputes/fiche/OMC_PA721226"
"CHARRIÈRE","Sylvie","LREM","En Marche !","F","Seine-Saint-Denis","sylvie-charriere","http://www2.assemblee-nationale.fr/deputes/fiche/OMC_PA721218"
"LAGARDE","Jean-Christophe","LC","Union Des Démocrates, Radicaux Et Libéraux","H","Seine-Saint-Denis","jean-christophe-lagarde","http://www2.assemblee-nationale.fr/deputes/fiche/OMC_PA268019"
"BUFFET","Marie-George","GDR","Parti Communiste Francais","F","Seine-Saint-Denis","marie-george-buffet","http://www2.assemblee-nationale.fr/deputes/fiche/OMC_PA689"
"GRELIER","Jean-Carles","LR","Les Républicains","H","Sarthe","jean-carles-grelier","http://www2.assemblee-nationale.fr/deputes/fiche/OMC_PA267318"
"LACHAUD","Bastien","LFI","La France Insoumise","H","Seine-Saint-Denis","bastien-lachaud","http://www2.assemblee-nationale.fr/deputes/fiche/OMC_PA720846"
"COQUEREL","Éric","LFI","La France Insoumise","H","Seine-Saint-Denis","eric-coquerel","http://www2.assemblee-nationale.fr/deputes/fiche/OMC_PA721202"
"ANATO","Patrice","LREM","En Marche !","H","Seine-Saint-Denis","patrice-anato","http://www2.assemblee-nationale.fr/deputes/fiche/OMC_PA721278"
"PEU","Stéphane","GDR","Parti Communiste Francais","H","Seine-Saint-Denis","stephane-peu","http://www2.assemblee-nationale.fr/deputes/fiche/OMC_PA721270"
"RAUCH","Isabelle","LREM","En Marche !","F","Moselle","isabelle-rauch","http://www2.assemblee-nationale.fr/deputes/fiche/OMC_PA720552"
"HAMMOUCHE","Brahim","MODEM","Mouvement Démocrate","H","Moselle","brahim-hammouche","http://www2.assemblee-nationale.fr/deputes/fiche/OMC_PA720326"
"GRIES-TRISSE","Nicole","LREM","En Marche !","F","Moselle","nicole-trisse","http://www2.assemblee-nationale.fr/deputes/fiche/OMC_PA720394"
"DI FILIPPO","Fabien","LR","Les Républicains","H","Moselle","fabien-di-filippo","http://www2.assemblee-nationale.fr/deputes/fiche/OMC_PA720386"
"ZANNIER","Hélène","LREM","En Marche !","F","Moselle","helene-zannier","http://www2.assemblee-nationale.fr/deputes/fiche/OMC_PA720318"
"AREND","Christophe","LREM","En Marche !","H","Moselle","christophe-arend","http://www2.assemblee-nationale.fr/deputes/fiche/OMC_PA720310"
"BELHADDAD","Belkhir","LREM","En Marche !","H","Moselle","belkhir-belhaddad","http://www2.assemblee-nationale.fr/deputes/fiche/OMC_PA720362"
"NURY","Jérôme","LR","Les Républicains","H","Orne","jerome-nury","http://www2.assemblee-nationale.fr/deputes/fiche/OMC_PA720644"
"LIOGER","Richard","LREM","En Marche !","H","Moselle","richard-lioger","http://www2.assemblee-nationale.fr/deputes/fiche/OMC_PA720378"
"MENDES","Ludovic","LREM","En Marche !","H","Moselle","ludovic-mendes","http://www2.assemblee-nationale.fr/deputes/fiche/OMC_PA720370"
"GAULTIER","Jean-Jacques","LR","Les Républicains","H","Vosges","jean-jacques-gaultier","http://www2.assemblee-nationale.fr/deputes/fiche/OMC_PA267324"
"VIRY","Stéphane","LR","Les Républicains","H","Vosges","stephane-viry","http://www2.assemblee-nationale.fr/deputes/fiche/OMC_PA721474"
"CHERPION","Gérard","LR","Les Républicains","H","Vosges","gerard-cherpion","http://www2.assemblee-nationale.fr/deputes/fiche/OMC_PA856"
"GASSILLOUD","Thomas","LREM","En Marche !","H","Rhône","thomas-gassilloud","http://www2.assemblee-nationale.fr/deputes/fiche/OMC_PA722358"
"ROBERT","Thierry","MODEM","La Politique Autrement","H","Réunion","thierry-robert","http://www2.assemblee-nationale.fr/deputes/fiche/OMC_PA610733"
"ZUMKELLER","Michel","LC","Union Des Démocrates, Radicaux Et Libéraux","H","Territoire de Belfort","michel-zumkeller","http://www2.assemblee-nationale.fr/deputes/fiche/OMC_PA267330"
"TAURINE","Bénédicte","LFI","La France Insoumise","F","Ariège","benedicte-taurine","http://www2.assemblee-nationale.fr/deputes/fiche/OMC_PA718860"
"LARIVE","Michel","LFI","La France Insoumise","H","Ariège","michel-larive","http://www2.assemblee-nationale.fr/deputes/fiche/OMC_PA718868"
"BOUCARD","Ian","LR","Les Républicains","H","Territoire de Belfort","ian-boucard","http://www2.assemblee-nationale.fr/deputes/fiche/OMC_PA721816"
"AUCONIE","Sophie","LC","Union Des Démocrates, Radicaux Et Libéraux","F","Indre-et-Loire","sophie-auconie","http://www2.assemblee-nationale.fr/deputes/fiche/OMC_PA719806"
"LABARONNE","Daniel","LREM","En Marche !","H","Indre-et-Loire","daniel-labaronne","http://www2.assemblee-nationale.fr/deputes/fiche/OMC_PA719798"
"CHALUMEAU","Philippe","LREM","En Marche !","H","Indre-et-Loire","philippe-chalumeau","http://www2.assemblee-nationale.fr/deputes/fiche/OMC_PA719790"
"THILLAYE","Sabine","LREM","En Marche !","F","Indre-et-Loire","sabine-thillaye","http://www2.assemblee-nationale.fr/deputes/fiche/OMC_PA719822"
"COLBOC","Fabienne","LREM","En Marche !","F","Indre-et-Loire","fabienne-colboc","http://www2.assemblee-nationale.fr/deputes/fiche/OMC_PA719814"
"FIAT","Caroline","LFI","La France Insoumise","F","Meurthe-et-Moselle","caroline-fiat","http://www2.assemblee-nationale.fr/deputes/fiche/OMC_PA720286"
"MATTEI","Jean-Paul","MODEM","Mouvement Démocrate","H","Pyrénées-Atlantiques","jean-paul-mattei","http://www2.assemblee-nationale.fr/deputes/fiche/OMC_PA720728"
"BAZIN","Thibault","LR","Les Républicains","H","Meurthe-et-Moselle","thibault-bazin","http://www2.assemblee-nationale.fr/deputes/fiche/OMC_PA642847"
"POTIER","Dominique","NG","Parti Socialiste","H","Meurthe-et-Moselle","dominique-potier","http://www2.assemblee-nationale.fr/deputes/fiche/OMC_PA607553"
"GARCIA","Laurent","MODEM","Mouvement Démocrate","H","Meurthe-et-Moselle","laurent-garcia","http://www2.assemblee-nationale.fr/deputes/fiche/OMC_PA720178"
"BRU","Vincent","MODEM","Mouvement Démocrate","H","Pyrénées-Atlantiques","vincent-bru","http://www2.assemblee-nationale.fr/deputes/fiche/OMC_PA720772"
"LASSERRE","Florence","MODEM","Mouvement Démocrate","F","Pyrénées-Atlantiques","florence-lasserre-david","http://www2.assemblee-nationale.fr/deputes/fiche/OMC_PA720764"
"GRANDJEAN","Carole","LREM","En Marche !","F","Meurthe-et-Moselle","carole-grandjean","http://www2.assemblee-nationale.fr/deputes/fiche/OMC_PA720170"
"GENETET","Anne","LREM","En Marche !","F","Français établis hors de France","anne-genetet","http://www2.assemblee-nationale.fr/deputes/fiche/OMC_PA721024"
"LAKRAFI","Amal Amélia","LREM","En Marche !","F","Français établis hors de France","amal-amelia-lakrafi","http://www2.assemblee-nationale.fr/deputes/fiche/OMC_PA721004"
"KRABAL","Jacques","LREM","En Marche !","H","Aisne","jacques-krabal","http://www2.assemblee-nationale.fr/deputes/fiche/OMC_PA605084"
"DELATTE","Marc","LREM","En Marche !","H","Aisne","marc-delatte","http://www2.assemblee-nationale.fr/deputes/fiche/OMC_PA718694"
"DESCAMPS","Béatrice","LC","Union Des Démocrates, Radicaux Et Libéraux","F","Nord","beatrice-descamps","http://www2.assemblee-nationale.fr/deputes/fiche/OMC_PA720696"
"DIVE","Julien","LR","Les Républicains","H","Aisne","julien-dive","http://www2.assemblee-nationale.fr/deputes/fiche/OMC_PA712015"
"BONO-VANDORME","Aude","LREM","En Marche !","F","Aisne","aude-bono-vandorme","http://www2.assemblee-nationale.fr/deputes/fiche/OMC_PA718756"
"HERBILLON","Michel","LR","Les Républicains","H","Val-de-Marne","michel-herbillon","http://www2.assemblee-nationale.fr/deputes/fiche/OMC_PA1630"
"GIRARDIN","Éric","LREM","En Marche !","H","Marne","eric-girardin","http://www2.assemblee-nationale.fr/deputes/fiche/OMC_PA720222"
"KURIC","Aina","LREM","En Marche !","F","Marne","aina-kuric","http://www2.assemblee-nationale.fr/deputes/fiche/OMC_PA720214"
"BEAUVAIS","Valérie","LR","Les Républicains","F","Marne","valerie-beauvais","http://www2.assemblee-nationale.fr/deputes/fiche/OMC_PA720210"
"DE COURSON","Charles","LC","Union Des Démocrates, Radicaux Et Libéraux","H","Marne","charles-de-courson","http://www2.assemblee-nationale.fr/deputes/fiche/OMC_PA942"
"MAGNIER","Lise","LC","Les Républicains","F","Marne","lise-magnier","http://www2.assemblee-nationale.fr/deputes/fiche/OMC_PA720230"
"GRANJUS","Florence","LREM","En Marche !","F","Yvelines","florence-granjus","http://www2.assemblee-nationale.fr/deputes/fiche/OMC_PA722062"
"HAÏ","Nadia","LREM","En Marche !","F","Yvelines","nadia-hai","http://www2.assemblee-nationale.fr/deputes/fiche/OMC_PA722054"
"BERGÉ","Aurore","LREM","En Marche !","F","Yvelines","aurore-berge","http://www2.assemblee-nationale.fr/deputes/fiche/OMC_PA722046"
"KAMARDINE","Mansour","LR","Les Républicains","H","Mayotte","mansour-kamardine","http://www2.assemblee-nationale.fr/deputes/fiche/OMC_PA267901"
"ALI","Ramlati","LREM","Parti Socialiste","F","Mayotte","ramlati-ali","http://www2.assemblee-nationale.fr/deputes/fiche/OMC_PA724827"
"DO","Stéphanie","LREM","En Marche !","F","Seine-et-Marne","stephanie-do","http://www2.assemblee-nationale.fr/deputes/fiche/OMC_PA721718"
"FAURE","Olivier","NG","Parti Socialiste","H","Seine-et-Marne","olivier-faure","http://www2.assemblee-nationale.fr/deputes/fiche/OMC_PA609332"
"BOYER","Pascale","LREM","En Marche !","F","Hautes-Alpes","pascale-boyer","http://www2.assemblee-nationale.fr/deputes/fiche/OMC_PA718710"
"GIRAUD","Joël","LREM","En Marche !","H","Hautes-Alpes","joel-giraud","http://www2.assemblee-nationale.fr/deputes/fiche/OMC_PA267336"
"DUBOIS","Jacqueline","LREM","En Marche !","F","Dordogne","jacqueline-dubois","http://www2.assemblee-nationale.fr/deputes/fiche/OMC_PA719162"
"CUBERTAFON","Jean-Pierre","MODEM","Mouvement Démocrate","H","Dordogne","jean-pierre-cubertafon","http://www2.assemblee-nationale.fr/deputes/fiche/OMC_PA719266"
"DELPON","Michel","LREM","En Marche !","H","Dordogne","michel-delpon","http://www2.assemblee-nationale.fr/deputes/fiche/OMC_PA719258"
"CHASSAING","Philippe","LREM","En Marche !","H","Dordogne","philippe-chassaing","http://www2.assemblee-nationale.fr/deputes/fiche/OMC_PA719250"
"PARK","Zivka","LREM","En Marche !","F","Val-d'Oise","zivka-park","http://www2.assemblee-nationale.fr/deputes/fiche/OMC_PA720944"
"PUPPONI","François","NG","Parti Socialiste","H","Val-d'Oise","francois-pupponi","http://www2.assemblee-nationale.fr/deputes/fiche/OMC_PA405480"
"RILHAC","Cecile","LREM","En Marche !","F","Val-d'Oise","cecile-rilhac","http://www2.assemblee-nationale.fr/deputes/fiche/OMC_PA720900"
"VUILLETET","Guillaume","LREM","En Marche !","H","Val-d'Oise","guillaume-vuilletet","http://www2.assemblee-nationale.fr/deputes/fiche/OMC_PA721262"
"MULLER-QUOY","Isabelle","LREM","En Marche !","F","Val-d'Oise","isabelle-muller-quoy","http://www2.assemblee-nationale.fr/deputes/fiche/OMC_PA721254"
"DA SILVA","Dominique","LREM","En Marche !","H","Val-d'Oise","dominique-da-silva","http://www2.assemblee-nationale.fr/deputes/fiche/OMC_PA720932"
"ELIMAS","Nathalie","MODEM","Mouvement Démocrate","F","Val-d'Oise","nathalie-elimas","http://www2.assemblee-nationale.fr/deputes/fiche/OMC_PA720924"
"LAZAAR","Fiona","LREM","En Marche !","F","Val-d'Oise","fiona-lazaar","http://www2.assemblee-nationale.fr/deputes/fiche/OMC_PA720916"
"MOUTCHOU","Naïma","LREM","En Marche !","F","Val-d'Oise","naima-moutchou","http://www2.assemblee-nationale.fr/deputes/fiche/OMC_PA720908"
"DOOR","Jean-Pierre","LR","Les Républicains","H","Loiret","jean-pierre-door","http://www2.assemblee-nationale.fr/deputes/fiche/OMC_PA267289"
"DUBOIS","Marianne","LR","Les Républicains","F","Loiret","marianne-dubois","http://www2.assemblee-nationale.fr/deputes/fiche/OMC_PA342935"
"RAMOS","Richard","MODEM","Mouvement Démocrate","H","Loiret","richard-ramos","http://www2.assemblee-nationale.fr/deputes/fiche/OMC_PA720092"
"FUGIT","Jean-Luc","LREM","En Marche !","H","Rhône","jean-luc-fugit","http://www2.assemblee-nationale.fr/deputes/fiche/OMC_PA722366"
"RIST","Stéphanie","LREM","En Marche !","F","Loiret","stephanie-rist","http://www2.assemblee-nationale.fr/deputes/fiche/OMC_PA720066"
"JANVIER","Caroline","LREM","En Marche !","F","Loiret","caroline-janvier","http://www2.assemblee-nationale.fr/deputes/fiche/OMC_PA720074"
"DE GANAY","Claude","LR","Les Républicains","H","Loiret","claude-de-ganay","http://www2.assemblee-nationale.fr/deputes/fiche/OMC_PA267735"
"RATENON","Jean Hugues","LFI","Rézistans Égalité 974","H","Réunion","jean-hugues-ratenon","http://www2.assemblee-nationale.fr/deputes/fiche/OMC_PA721062"
"DUBY-MULLER","Virginie","LR","Les Républicains","F","Haute-Savoie","virginie-duby-muller","http://www2.assemblee-nationale.fr/deputes/fiche/OMC_PA608826"
"LENNE","Marion","LREM","En Marche !","F","Haute-Savoie","marion-lenne","http://www2.assemblee-nationale.fr/deputes/fiche/OMC_PA721450"
"ROSEREN","Xavier","LREM","En Marche !","H","Haute-Savoie","xavier-roseren","http://www2.assemblee-nationale.fr/deputes/fiche/OMC_PA721458"
"VAINQUEUR-CHRISTOPHE","Hélène","NG","Parti Socialiste","F","Guadeloupe","helene-vainqueur-christophe","http://www2.assemblee-nationale.fr/deputes/fiche/OMC_PA643145"
"RIOTTON","Véronique","LREM","En Marche !","F","Haute-Savoie","veronique-riotton","http://www2.assemblee-nationale.fr/deputes/fiche/OMC_PA721426"
"LARDET","Frédérique","LREM","En Marche !","F","Haute-Savoie","frederique-lardet","http://www2.assemblee-nationale.fr/deputes/fiche/OMC_PA721434"
"SADDIER","Martial","LR","Les Républicains","H","Haute-Savoie","martial-saddier","http://www2.assemblee-nationale.fr/deputes/fiche/OMC_PA267527"
"CESARINI","Jean-François","LREM","En Marche !","H","Vaucluse","jean-francois-cesarini","http://www2.assemblee-nationale.fr/deputes/fiche/OMC_PA721860"
"POIRSON","Brune","LREM","En Marche !","F","Vaucluse","brune-poirson","http://www2.assemblee-nationale.fr/deputes/fiche/OMC_PA721872"
"BOUCHET","Jean-Claude","LR","Les Républicains","H","Vaucluse","jean-claude-bouchet","http://www2.assemblee-nationale.fr/deputes/fiche/OMC_PA336316"
"AUBERT","Julien","LR","Les Républicains","H","Vaucluse","julien-aubert","http://www2.assemblee-nationale.fr/deputes/fiche/OMC_PA609726"
"BOMPARD","Jacques","NI","Union Des Patriotes","H","Vaucluse","jacques-bompard","http://www2.assemblee-nationale.fr/deputes/fiche/OMC_PA563"
"O'PETIT","Claire","LREM","En Marche !","F","Eure","claire-o-petit","http://www2.assemblee-nationale.fr/deputes/fiche/OMC_PA719364"
"DARRIEUSSECQ","Geneviève","MODEM","Mouvement Démocrate","F","Landes","genevieve-darrieussecq","http://www2.assemblee-nationale.fr/deputes/fiche/OMC_PA719914"
"MOREAU","Jean-Baptiste","LREM","En Marche !","H","Creuse","jean-baptiste-moreau","http://www2.assemblee-nationale.fr/deputes/fiche/OMC_PA719242"
"VALLAUD","Boris","NG","Parti Socialiste","H","Landes","boris-vallaud","http://www2.assemblee-nationale.fr/deputes/fiche/OMC_PA719930"
"CAUSSE","Lionel","LREM","En Marche !","H","Landes","lionel-causse","http://www2.assemblee-nationale.fr/deputes/fiche/OMC_PA719922"
"DUMONT","Laurence","NG","Parti Socialiste","F","Calvados","laurence-dumont","http://www2.assemblee-nationale.fr/deputes/fiche/OMC_PA1198"
"LECLERC","Sébastien","LR","Les Républicains","H","Calvados","sebastien-leclerc","http://www2.assemblee-nationale.fr/deputes/fiche/OMC_PA340853"
"LE VIGOUREUX","Fabrice","LREM","En Marche !","H","Calvados","fabrice-le-vigoureux","http://www2.assemblee-nationale.fr/deputes/fiche/OMC_PA719006"
"TOURRET","Alain","LREM","En Marche !","H","Calvados","alain-tourret","http://www2.assemblee-nationale.fr/deputes/fiche/OMC_PA2828"
"BLANCHET","Christophe","LREM","En Marche !","H","Calvados","christophe-blanchet","http://www2.assemblee-nationale.fr/deputes/fiche/OMC_PA719024"
"BOUYX","Bertrand","LREM","En Marche !","H","Calvados","bertrand-bouyx","http://www2.assemblee-nationale.fr/deputes/fiche/OMC_PA719032"
"VERDIER-JOUCLAS","Marie-Christine","LREM","En Marche !","F","Tarn","marie-christine-verdier-jouclas","http://www2.assemblee-nationale.fr/deputes/fiche/OMC_PA721542"
"TERLIER","Jean","LREM","En Marche !","H","Tarn","jean-terlier","http://www2.assemblee-nationale.fr/deputes/fiche/OMC_PA721584"
"BROTHERSON","Moeta","GDR","Tavini Huiraatira No Te Ao Maohi - Front de Libération de Polynésie","H","Polynésie Française","moetai-brotherson","http://www2.assemblee-nationale.fr/deputes/fiche/OMC_PA721118"
"SANQUER","Nicole","LC","Tapura Huiraatira","F","Polynésie Française","nicole-sanquer","http://www2.assemblee-nationale.fr/deputes/fiche/OMC_PA721110"
"SAGE","Maina","LC","Tapura Huiraatira","F","Polynésie Française","maina-sage","http://www2.assemblee-nationale.fr/deputes/fiche/OMC_PA702052"
"TAMARELLE-VERHAEGHE","Marie","LREM","Mouvement Démocrate","F","Eure","marie-tamarelle-verhaeghe","http://www2.assemblee-nationale.fr/deputes/fiche/OMC_PA719350"
"DIRX","Benjamin","LREM","En Marche !","H","Saône-et-Loire","benjamin-dirx","http://www2.assemblee-nationale.fr/deputes/fiche/OMC_PA722382"
"REBEYROTTE","Rémy","LREM","En Marche !","H","Saône-et-Loire","remy-rebeyrotte","http://www2.assemblee-nationale.fr/deputes/fiche/OMC_PA722398"
"CORNELOUP","Josiane","LR","Les Républicains","F","Saône-et-Loire","josiane-corneloup","http://www2.assemblee-nationale.fr/deputes/fiche/OMC_PA722390"
"GAUVAIN","Raphaël","LREM","En Marche !","H","Saône-et-Loire","raphael-gauvain","http://www2.assemblee-nationale.fr/deputes/fiche/OMC_PA721364"
"UNTERMAIER","Cécile","NG","Parti Socialiste","F","Saône-et-Loire","cecile-untermaier","http://www2.assemblee-nationale.fr/deputes/fiche/OMC_PA608695"
"DUNOYER","Philippe","LC","Caledonie Ensemble","H","Nouvelle-Calédonie","philippe-dunoyer","http://www2.assemblee-nationale.fr/deputes/fiche/OMC_PA721094"
"NADOT","Sébastien","LREM","En Marche !","H","Haute-Garonne","sebastien-nadot","http://www2.assemblee-nationale.fr/deputes/fiche/OMC_PA719464"
"BILDE","Bruno","NI","Front National","H","Pas-de-Calais","bruno-bilde","http://www2.assemblee-nationale.fr/deputes/fiche/OMC_PA720822"
"PAJOT","Ludovic","NI","Front National","H","Pas-de-Calais","ludovic-pajot","http://www2.assemblee-nationale.fr/deputes/fiche/OMC_PA720606"
"LE PEN","Marine","NI","Front National","F","Pas-de-Calais","marine-le-pen","http://www2.assemblee-nationale.fr/deputes/fiche/OMC_PA720614"
"RACON-BOUZON","Cathy","LREM","En Marche !","F","Bouches-du-Rhône","cathy-racon-bouzon","http://www2.assemblee-nationale.fr/deputes/fiche/OMC_PA718944"
"MÉLENCHON","Jean-Luc","LFI","La France Insoumise","H","Bouches-du-Rhône","jean-luc-melenchon","http://www2.assemblee-nationale.fr/deputes/fiche/OMC_PA2150"
"AHAMADA","Saïd","LREM","En Marche !","H","Bouches-du-Rhône","said-ahamada","http://www2.assemblee-nationale.fr/deputes/fiche/OMC_PA718954"
"TEISSIER","Guy","LR","Les Républicains","H","Bouches-du-Rhône","guy-teissier","http://www2.assemblee-nationale.fr/deputes/fiche/OMC_PA2796"
"BOYER","Valérie","LR","Les Républicains","F","Bouches-du-Rhône","valerie-boyer","http://www2.assemblee-nationale.fr/deputes/fiche/OMC_PA330684"
"TANGUY","Liliane","LREM","En Marche !","F","Finistère","liliana-tanguy","http://www2.assemblee-nationale.fr/deputes/fiche/OMC_PA719550"
"LOUIS","Alexandra","LREM","En Marche !","F","Bouches-du-Rhône","alexandra-louis","http://www2.assemblee-nationale.fr/deputes/fiche/OMC_PA718918"
"PITOLLAT","Claire","LREM","En Marche !","F","Bouches-du-Rhône","claire-pitollat","http://www2.assemblee-nationale.fr/deputes/fiche/OMC_PA718910"
"BALANANT","Erwan","MODEM","En Marche !","H","Finistère","erwan-balanant","http://www2.assemblee-nationale.fr/deputes/fiche/OMC_PA719558"
"DEFLESSELLES","Bernard","LR","Les Républicains","H","Bouches-du-Rhône","bernard-deflesselles","http://www2.assemblee-nationale.fr/deputes/fiche/OMC_PA1029"
"ZULESI","Jean-Marc","LREM","En Marche !","H","Bouches-du-Rhône","jean-marc-zulesi","http://www2.assemblee-nationale.fr/deputes/fiche/OMC_PA718962"
"MEUNIER","Frédérique","LR","Les Républicains","F","Corrèze","frederique-meunier","http://www2.assemblee-nationale.fr/deputes/fiche/OMC_PA719272"
"JERRETIE","Christophe","LREM","En Marche !","H","Corrèze","christophe-jerretie","http://www2.assemblee-nationale.fr/deputes/fiche/OMC_PA719060"
"KARAMANLI","Marietta","NG","Parti Socialiste","F","Sarthe","marietta-karamanli","http://www2.assemblee-nationale.fr/deputes/fiche/OMC_PA335054"
"ORPHELIN","Matthieu","LREM","En Marche !","H","Maine-et-Loire","matthieu-orphelin","http://www2.assemblee-nationale.fr/deputes/fiche/OMC_PA720278"
"DUPONT","Stella","LREM","En Marche !","F","Maine-et-Loire","stella-dupont","http://www2.assemblee-nationale.fr/deputes/fiche/OMC_PA643175"
"TAUGOURDEAU","Jean-Charles","LR","Les Républicains","H","Maine-et-Loire","jean-charles-taugourdeau","http://www2.assemblee-nationale.fr/deputes/fiche/OMC_PA2792"
"SAINT-PAUL","Laëtitia","LREM","En Marche !","F","Maine-et-Loire","laetitia-saint-paul","http://www2.assemblee-nationale.fr/deputes/fiche/OMC_PA720138"
"MASSEGLIA","Denis","LREM","En Marche !","H","Maine-et-Loire","denis-masseglia","http://www2.assemblee-nationale.fr/deputes/fiche/OMC_PA720146"
"DUBRE-CHIRAT","Nicole","LREM","En Marche !","F","Maine-et-Loire","nicole-dubre-chirat","http://www2.assemblee-nationale.fr/deputes/fiche/OMC_PA720154"
"BOLO","Philippe","MODEM","Mouvement Démocrate","H","Maine-et-Loire","philippe-bolo","http://www2.assemblee-nationale.fr/deputes/fiche/OMC_PA720162"
"BIÉMOURET","Gisèle","NG","Parti Socialiste","F","Gers","gisele-biemouret","http://www2.assemblee-nationale.fr/deputes/fiche/OMC_PA508"
"TESTE","Stéphane","LREM","En Marche !","H","Seine-Saint-Denis","stephane-teste","http://www2.assemblee-nationale.fr/deputes/fiche/OMC_PA720854"
"RAMADIER","Alain","LR","Les Républicains","H","Seine-Saint-Denis","alain-ramadier","http://www2.assemblee-nationale.fr/deputes/fiche/OMC_PA721286"
"DJEBBARI-BONNET","Jean-Baptiste","LREM","En Marche !","H","Haute-Vienne","jean-baptiste-djebbari","http://www2.assemblee-nationale.fr/deputes/fiche/OMC_PA722236"
"MAGNE","Marie-Ange","LREM","En Marche !","F","Haute-Vienne","marie-ange-magne","http://www2.assemblee-nationale.fr/deputes/fiche/OMC_PA722244"
"BEAUDOUIN-HUBIERE","Sophie","LREM","En Marche !","F","Haute-Vienne","sophie-beaudouin-hubiere","http://www2.assemblee-nationale.fr/deputes/fiche/OMC_PA722170"
"BAZIN-MALGRAS","Valérie","LR","Les Républicains","F","Aube","valerie-bazin-malgras","http://www2.assemblee-nationale.fr/deputes/fiche/OMC_PA718884"
"MENUEL","Gérard","LR","Les Républicains","H","Aube","gerard-menuel","http://www2.assemblee-nationale.fr/deputes/fiche/OMC_PA2155"
"GOMES","Philippe","LC","Caledonie Ensemble","H","Nouvelle-Calédonie","philippe-gomes","http://www2.assemblee-nationale.fr/deputes/fiche/OMC_PA610775"
"BESSON-MOREAU","Grégory","LREM","En Marche !","H","Aube","gregory-besson-moreau","http://www2.assemblee-nationale.fr/deputes/fiche/OMC_PA718876"
"VIGIER","Jean-Pierre","LR","Les Républicains","H","Haute-Loire","jean-pierre-vigier","http://www2.assemblee-nationale.fr/deputes/fiche/OMC_PA607090"
"VALENTIN","Isabelle","LR","Les Républicains","F","Haute-Loire","isabelle-valentin","http://www2.assemblee-nationale.fr/deputes/fiche/OMC_PA643134"
"BRULEBOIS","Danielle","LREM","En Marche !","F","Jura","danielle-brulebois","http://www2.assemblee-nationale.fr/deputes/fiche/OMC_PA719890"
"SERMIER","Jean-Marie","LR","Les Républicains","H","Jura","jean-marie-sermier","http://www2.assemblee-nationale.fr/deputes/fiche/OMC_PA267204"
"DALLOZ","Marie-Christine","LR","Les Républicains","F","Jura","marie-christine-dalloz","http://www2.assemblee-nationale.fr/deputes/fiche/OMC_PA332523"
"METTE","Sophie","MODEM","Mouvement Démocrate","F","Gironde","sophie-mette","http://www2.assemblee-nationale.fr/deputes/fiche/OMC_PA719640"
"PANONACLE","Sophie","LREM","En Marche !","F","Gironde","sophie-panonacle","http://www2.assemblee-nationale.fr/deputes/fiche/OMC_PA719632"
"COUILLARD","Bérangère","LREM","En Marche !","F","Gironde","berangere-couillard","http://www2.assemblee-nationale.fr/deputes/fiche/OMC_PA719624"
"POULLIAT","Eric","LREM","En Marche !","H","Gironde","eric-poulliat","http://www2.assemblee-nationale.fr/deputes/fiche/OMC_PA719600"
"SIMIAN","Benoit","LREM","En Marche !","H","Gironde","benoit-simian","http://www2.assemblee-nationale.fr/deputes/fiche/OMC_PA719592"
"DAVID","Alain","NG","Parti Socialiste","H","Gironde","alain-david","http://www2.assemblee-nationale.fr/deputes/fiche/OMC_PA1008"
"PRUD'HOMME","Loïc","LFI","La France Insoumise","H","Gironde","loic-prud-homme","http://www2.assemblee-nationale.fr/deputes/fiche/OMC_PA719578"
"FABRE","Catherine","LREM","En Marche !","F","Gironde","catherine-fabre","http://www2.assemblee-nationale.fr/deputes/fiche/OMC_PA719570"
"DAVID","Dominique","LREM","En Marche !","F","Gironde","dominique-david","http://www2.assemblee-nationale.fr/deputes/fiche/OMC_PA719710"
"MINOT","Maxime","LR","Les Républicains","H","Oise","maxime-minot","http://www2.assemblee-nationale.fr/deputes/fiche/OMC_PA720630"
"BUREAU-BONNARD","Carole","LREM","En Marche !","F","Oise","carole-bureau-bonnard","http://www2.assemblee-nationale.fr/deputes/fiche/OMC_PA720622"
"VATIN","Pierre","LR","Les Républicains","H","Oise","pierre-vatin","http://www2.assemblee-nationale.fr/deputes/fiche/OMC_PA720586"
"WOERTH","Eric","LR","Les Républicains","H","Oise","eric-woerth","http://www2.assemblee-nationale.fr/deputes/fiche/OMC_PA2960"
"BOIS","Pascal","LREM","En Marche !","H","Oise","pascal-bois","http://www2.assemblee-nationale.fr/deputes/fiche/OMC_PA720576"
"THILL","Agnès","LREM","En Marche !","F","Oise","agnes-thill","http://www2.assemblee-nationale.fr/deputes/fiche/OMC_PA720568"
"DASSAULT","Olivier","LR","Les Républicains","H","Oise","olivier-dassault","http://www2.assemblee-nationale.fr/deputes/fiche/OMC_PA998"
"PERROT","Patrice","LREM","En Marche !","H","Nièvre","patrice-perrot","http://www2.assemblee-nationale.fr/deputes/fiche/OMC_PA720414"
"GOULET","Perrine","LREM","En Marche !","F","Nièvre","perrine-goulet","http://www2.assemblee-nationale.fr/deputes/fiche/OMC_PA720560"
"MIRALLÈS","Patricia","LREM","En Marche !","F","Hérault","patricia-miralles","http://www2.assemblee-nationale.fr/deputes/fiche/OMC_PA719668"
"RESSIGUIER","Muriel","LFI","La France Insoumise","F","Hérault","muriel-ressiguier","http://www2.assemblee-nationale.fr/deputes/fiche/OMC_PA719676"
"DUBOST","Coralie","LREM","En Marche !","F","Hérault","coralie-dubost","http://www2.assemblee-nationale.fr/deputes/fiche/OMC_PA719684"
"ELIAOU","Jean-François","LREM","En Marche !","H","Hérault","jean-francois-eliaou","http://www2.assemblee-nationale.fr/deputes/fiche/OMC_PA719692"
"HUPPÉ","Philippe","LREM","En Marche !","H","Hérault","philippe-huppe","http://www2.assemblee-nationale.fr/deputes/fiche/OMC_PA719700"
"MÉNARD","Emmanuelle","NI","Front National","F","Hérault","emmanuelle-menard","http://www2.assemblee-nationale.fr/deputes/fiche/OMC_PA719608"
"EUZET","Christophe","LREM","En Marche !","H","Hérault","christophe-euzet","http://www2.assemblee-nationale.fr/deputes/fiche/OMC_PA719616"
"DÉMOULIN","Nicolas","LREM","En Marche !","H","Hérault","nicolas-demoulin","http://www2.assemblee-nationale.fr/deputes/fiche/OMC_PA719830"
"VIGNAL","Patrick","LREM","En Marche !","H","Hérault","patrick-vignal","http://www2.assemblee-nationale.fr/deputes/fiche/OMC_PA606639"
"POLETTI","Bérengère","LR","Les Républicains","F","Ardennes","berengere-poletti","http://www2.assemblee-nationale.fr/deputes/fiche/OMC_PA267260"
"WARSMANN","Jean-Luc","LC","Les Républicains","H","Ardennes","jean-luc-warsmann","http://www2.assemblee-nationale.fr/deputes/fiche/OMC_PA2952"
"CORDIER","Pierre","LR","Les Républicains","H","Ardennes","pierre-cordier","http://www2.assemblee-nationale.fr/deputes/fiche/OMC_PA718850"
"FORTEZA","Paula","LREM","En Marche !","F","Français établis hors de France","paula-forteza","http://www2.assemblee-nationale.fr/deputes/fiche/OMC_PA721142"
"HOLROYD","Alexandre","LREM","En Marche !","H","Français établis hors de France","alexandre-holroyd","http://www2.assemblee-nationale.fr/deputes/fiche/OMC_PA721150"
"LESCURE","Roland","LREM","En Marche !","H","Français établis hors de France","roland-lescure","http://www2.assemblee-nationale.fr/deputes/fiche/OMC_PA721134"
"SON-FORGET","Joachim","LREM","En Marche !","H","Français établis hors de France","joachim-son-forget","http://www2.assemblee-nationale.fr/deputes/fiche/OMC_PA721174"
"CAZARIAN","Danièle","LREM","En Marche !","F","Rhône","daniele-cazarian","http://www2.assemblee-nationale.fr/deputes/fiche/OMC_PA721352"
"ANGLADE","Pieyre-Alexandre","LREM","En Marche !","H","Français établis hors de France","pieyre-alexandre-anglade","http://www2.assemblee-nationale.fr/deputes/fiche/OMC_PA721158"
"CAZEBONNE","Samantha","LREM","En Marche !","F","Français établis hors de France","samantha-cazebonne","http://www2.assemblee-nationale.fr/deputes/fiche/OMC_PA721166"
"HABIB","Meyer","LC","Union Des Démocrates, Radicaux Et Libéraux","H","Français établis hors de France","meyer-habib","http://www2.assemblee-nationale.fr/deputes/fiche/OMC_PA695100"
"ISAAC-SIBILLE","Cyrille","MODEM","Mouvement Démocrate","H","Rhône","cyrille-isaac-sibille","http://www2.assemblee-nationale.fr/deputes/fiche/OMC_PA722374"
"REISS","Frédéric","LR","Les Républicains","H","Bas-Rhin","frederic-reiss","http://www2.assemblee-nationale.fr/deputes/fiche/OMC_PA266776"
"THIEBAUT","Vincent","LREM","En Marche !","H","Bas-Rhin","vincent-thiebaut","http://www2.assemblee-nationale.fr/deputes/fiche/OMC_PA722336"
"BATHO","Delphine","NG","Parti Socialiste","F","Deux-Sèvres","delphine-batho","http://www2.assemblee-nationale.fr/deputes/fiche/OMC_PA335999"
"SAINT-MARTIN","Laurent","LREM","En Marche !","H","Val-de-Marne","laurent-saint-martin","http://www2.assemblee-nationale.fr/deputes/fiche/OMC_PA720878"
"MICHELS","Thierry","LREM","En Marche !","H","Bas-Rhin","thierry-michels","http://www2.assemblee-nationale.fr/deputes/fiche/OMC_PA720738"
"WASERMAN","Sylvain","MODEM","Mouvement Démocrate","H","Bas-Rhin","sylvain-waserman","http://www2.assemblee-nationale.fr/deputes/fiche/OMC_PA720746"
"STUDER","Bruno","LREM","En Marche !","H","Bas-Rhin","bruno-studer","http://www2.assemblee-nationale.fr/deputes/fiche/OMC_PA720754"
"WONNER","Martine","LREM","En Marche !","F","Bas-Rhin","martine-wonner","http://www2.assemblee-nationale.fr/deputes/fiche/OMC_PA722268"
"CARIOU","Emilie","LREM","En Marche !","F","Meuse","emilie-cariou","http://www2.assemblee-nationale.fr/deputes/fiche/OMC_PA720298"
"FURST","Laurent","LR","Les Républicains","H","Bas-Rhin","laurent-furst","http://www2.assemblee-nationale.fr/deputes/fiche/OMC_PA266774"
"HETZEL","Patrick","LR","Les Républicains","H","Bas-Rhin","patrick-hetzel","http://www2.assemblee-nationale.fr/deputes/fiche/OMC_PA608416"
"BAICHÈRE","Didier","LREM","En Marche !","H","Yvelines","didier-baichere","http://www2.assemblee-nationale.fr/deputes/fiche/OMC_PA721776"
"BARROT","Jean-Noël","MODEM","Mouvement Démocrate","H","Yvelines","jean-noel-barrot","http://www2.assemblee-nationale.fr/deputes/fiche/OMC_PA721836"
"PIRON","Béatrice","LREM","En Marche !","F","Yvelines","beatrice-piron","http://www2.assemblee-nationale.fr/deputes/fiche/OMC_PA721844"
"LEBEC","Marie","LREM","En Marche !","F","Yvelines","marie-lebec","http://www2.assemblee-nationale.fr/deputes/fiche/OMC_PA721852"
"BRAUN-PIVET","Yaël","LREM","En Marche !","F","Yvelines","yael-braun-pivet","http://www2.assemblee-nationale.fr/deputes/fiche/OMC_PA721908"
"POUZYREFF","Natalia","LREM","En Marche !","F","Yvelines","natalia-pouzyreff","http://www2.assemblee-nationale.fr/deputes/fiche/OMC_PA721916"
"DE VAUCOULEURS","Michèle","MODEM","Mouvement Démocrate","F","Yvelines","michele-de-vaucouleurs","http://www2.assemblee-nationale.fr/deputes/fiche/OMC_PA721924"
"TROMPILLE","Stéphane","LREM","En Marche !","H","Ain","stephane-trompille","http://www2.assemblee-nationale.fr/deputes/fiche/OMC_PA718682"
"ABAD","Damien","LR","Les Républicains","H","Ain","damien-abad","http://www2.assemblee-nationale.fr/deputes/fiche/OMC_PA605036"
"BRETON","Xavier","LR","Les Républicains","H","Ain","xavier-breton","http://www2.assemblee-nationale.fr/deputes/fiche/OMC_PA330008"
"DE LA VERPILLIÈRE","Charles","LR","Les Républicains","H","Ain","charles-de-la-verpilliere","http://www2.assemblee-nationale.fr/deputes/fiche/OMC_PA1012"
"GIVERNET","Olga","LREM","En Marche !","F","Ain","olga-givernet","http://www2.assemblee-nationale.fr/deputes/fiche/OMC_PA718674"
"ABBA","Bérangère","LREM","En Marche !","F","Haute-Marne","berangere-abba","http://www2.assemblee-nationale.fr/deputes/fiche/OMC_PA720242"
"CORNUT-GENTILLE","François","LR","Les Républicains","H","Haute-Marne","francois-cornut-gentille","http://www2.assemblee-nationale.fr/deputes/fiche/OMC_PA923"
"CARVOUNAS","Luc","NG","Parti Socialiste","H","Val-de-Marne","luc-carvounas","http://www2.assemblee-nationale.fr/deputes/fiche/OMC_PA429893"
"DUMAS","Frédérique","LREM","En Marche !","F","Hauts-de-Seine","frederique-dumas","http://www2.assemblee-nationale.fr/deputes/fiche/OMC_PA721194"
"BOURLANGES","Jean-Louis","MODEM","Mouvement Démocrate","H","Hauts-de-Seine","jean-louis-bourlanges","http://www2.assemblee-nationale.fr/deputes/fiche/OMC_PA721608"
"ROSSI","Laurianne","LREM","En Marche !","F","Hauts-de-Seine","laurianne-rossi","http://www2.assemblee-nationale.fr/deputes/fiche/OMC_PA721600"
"ATTAL","Gabriel","LREM","En Marche !","H","Hauts-de-Seine","gabriel-attal","http://www2.assemblee-nationale.fr/deputes/fiche/OMC_PA722190"
"ANDRÉ","François","LREM","Parti Socialiste","H","Ille-et-Vilaine","francois-andre","http://www2.assemblee-nationale.fr/deputes/fiche/OMC_PA606675"
"LETCHIMY","Serge","NG","Parti Progressiste Martiniquais (PPM)","H","Martinique","serge-letchimy","http://www2.assemblee-nationale.fr/deputes/fiche/OMC_PA337483"
"MAILLART-MÉHAIGNERIE","Laurence","LREM","Mouvement Démocrate","F","Ille-et-Vilaine","laurence-maillart-mehaignerie","http://www2.assemblee-nationale.fr/deputes/fiche/OMC_PA719718"
"TACHE","Aurelien","LREM","En Marche !","H","Val-d'Oise","aurelien-tache","http://www2.assemblee-nationale.fr/deputes/fiche/OMC_PA720952"
"GUÉVENOUX","Marie","LREM","En Marche !","F","Essonne","marie-guevenoux","http://www2.assemblee-nationale.fr/deputes/fiche/OMC_PA721880"
"DUPONT-AIGNAN","Nicolas","NI","Debout La France","H","Essonne","nicolas-dupont-aignan","http://www2.assemblee-nationale.fr/deputes/fiche/OMC_PA1206"
"REDA","Robin","LR","Les Républicains","H","Essonne","robin-reda","http://www2.assemblee-nationale.fr/deputes/fiche/OMC_PA721678"
"DE MONTCHALIN","Amélie","LREM","En Marche !","F","Essonne","amelie-de-montchalin","http://www2.assemblee-nationale.fr/deputes/fiche/OMC_PA721670"
"VILLANI","Cédric","LREM","En Marche !","H","Essonne","cedric-villani","http://www2.assemblee-nationale.fr/deputes/fiche/OMC_PA722260"
"RIXAIN","Marie-Pierre","LREM","En Marche !","F","Essonne","marie-pierre-rixain","http://www2.assemblee-nationale.fr/deputes/fiche/OMC_PA722252"
"ROMEIRO DIAS","Laëtitia","LREM","En Marche !","F","Essonne","laetitia-romeiro-dias","http://www2.assemblee-nationale.fr/deputes/fiche/OMC_PA722022"
"MARLIN","Franck","LR","Les Républicains","H","Essonne","franck-marlin","http://www2.assemblee-nationale.fr/deputes/fiche/OMC_PA2086"
"BONNELL","Bruno","LREM","En Marche !","H","Rhône","bruno-bonnell","http://www2.assemblee-nationale.fr/deputes/fiche/OMC_PA721344"
"KHEDHER","Anissa","LREM","En Marche !","F","Rhône","anissa-khedher","http://www2.assemblee-nationale.fr/deputes/fiche/OMC_PA722300"
"BRUGNERA","Anne","LREM","En Marche !","F","Rhône","anne-brugnera","http://www2.assemblee-nationale.fr/deputes/fiche/OMC_PA721328"
"BROCARD","Blandine","LREM","En Marche !","F","Rhône","blandine-brocard","http://www2.assemblee-nationale.fr/deputes/fiche/OMC_PA721336"
"JULIEN-LAFERRIERE","Hubert","LREM","En Marche !","H","Rhône","hubert-julien-laferriere","http://www2.assemblee-nationale.fr/deputes/fiche/OMC_PA722344"
"TOURAINE","Jean-Louis","LREM","En Marche !","H","Rhône","jean-louis-touraine","http://www2.assemblee-nationale.fr/deputes/fiche/OMC_PA334768"
"RUDIGOZ","Thomas","LREM","Mouvement Démocrate","H","Rhône","thomas-rudigoz","http://www2.assemblee-nationale.fr/deputes/fiche/OMC_PA722292"
"NILOR","Jean-Philippe","GDR","Mouvement Indépendantiste Martiniquais","H","Martinique","jean-philippe-nilor","http://www2.assemblee-nationale.fr/deputes/fiche/OMC_PA610654"
"VERCHÈRE","Patrice","LR","Les Républicains","H","Rhône","patrice-verchere","http://www2.assemblee-nationale.fr/deputes/fiche/OMC_PA334843"
"PERRUT","Bernard","LR","Les Républicains","H","Rhône","bernard-perrut","http://www2.assemblee-nationale.fr/deputes/fiche/OMC_PA2377"
"BAGARRY","Delphine","LREM","En Marche !","F","Alpes-de-Haute-Provence","delphine-bagarry","http://www2.assemblee-nationale.fr/deputes/fiche/OMC_PA718744"
"CASTANER","Christophe","LREM","En Marche !","H","Alpes-de-Haute-Provence","christophe-castaner","http://www2.assemblee-nationale.fr/deputes/fiche/OMC_PA605131"
"GIRARDIN","Annick","LREM","Cap Sur L'Avenir","F","Saint-Pierre-et-Miquelon","annick-girardin","http://www2.assemblee-nationale.fr/deputes/fiche/OMC_PA337633"
"LE FUR","Marc","LR","Les Républicains","H","Côtes-d'Armor","marc-le-fur","http://www2.assemblee-nationale.fr/deputes/fiche/OMC_PA1874"
"SERVA","Olivier","LREM","En Marche !","H","Guadeloupe","olivier-serva","http://www2.assemblee-nationale.fr/deputes/fiche/OMC_PA720960"
"QUESTEL","Bruno","LREM","En Marche !","H","Eure","bruno-questel","http://www2.assemblee-nationale.fr/deputes/fiche/OMC_PA643127"
"FRESCHI","Alexandre","LREM","En Marche !","H","Lot-et-Garonne","alexandre-freschi","http://www2.assemblee-nationale.fr/deputes/fiche/OMC_PA720030"
"LE MAIRE","Bruno","LREM","En Marche !","H","Eure","bruno-le-maire","http://www2.assemblee-nationale.fr/deputes/fiche/OMC_PA331481"
"GOUTTEFARDE","Fabien","LREM","En Marche !","H","Eure","fabien-gouttefarde","http://www2.assemblee-nationale.fr/deputes/fiche/OMC_PA719330"
"DAMAISIN","Olivier","LREM","En Marche !","H","Lot-et-Garonne","olivier-damaisin","http://www2.assemblee-nationale.fr/deputes/fiche/OMC_PA720268"
"DEMILLY","Stéphane","LC","Union Des Démocrates, Radicaux Et Libéraux","H","Somme","stephane-demilly","http://www2.assemblee-nationale.fr/deputes/fiche/OMC_PA267241"
"LECLABART","Jean-Claude","LREM","En Marche !","H","Somme","jean-claude-leclabart","http://www2.assemblee-nationale.fr/deputes/fiche/OMC_PA722228"
"RUFFIN","François","LFI","Parti Communiste Francais","H","Somme","francois-ruffin","http://www2.assemblee-nationale.fr/deputes/fiche/OMC_PA722142"
"MAQUET","Emmanuel","LR","Les Républicains","H","Somme","emmanuel-maquet","http://www2.assemblee-nationale.fr/deputes/fiche/OMC_PA346054"
"POMPILI","Barbara","LREM","En Marche !","F","Somme","barbara-pompili","http://www2.assemblee-nationale.fr/deputes/fiche/OMC_PA609520"
"HAURY","Yannick","LREM","Mouvement Démocrate","H","Loire-Atlantique","yannick-haury","http://www2.assemblee-nationale.fr/deputes/fiche/OMC_PA720054"
"DUFEU SCHUBERT","Audrey","LREM","En Marche !","F","Loire-Atlantique","audrey-dufeu-schubert","http://www2.assemblee-nationale.fr/deputes/fiche/OMC_PA720046"
"EL HAÏRY","Sarah","MODEM","Mouvement Démocrate","F","Loire-Atlantique","sarah-el-hairy","http://www2.assemblee-nationale.fr/deputes/fiche/OMC_PA720002"
"AMADOU","Aude","LREM","En Marche !","F","Loire-Atlantique","aude-amadou","http://www2.assemblee-nationale.fr/deputes/fiche/OMC_PA720124"
"JOSSO","Sandrine","LREM","En Marche !","F","Loire-Atlantique","sandrine-josso","http://www2.assemblee-nationale.fr/deputes/fiche/OMC_PA720038"
"DANIEL","Yves","LREM","En Marche !","H","Loire-Atlantique","yves-daniel","http://www2.assemblee-nationale.fr/deputes/fiche/OMC_PA607155"
"DE RUGY","François","LREM","En Marche !","H","Loire-Atlantique","francois-de-rugy","http://www2.assemblee-nationale.fr/deputes/fiche/OMC_PA332747"
"BRUNET","Anne-France","LREM","En Marche !","F","Loire-Atlantique","anne-france-brunet","http://www2.assemblee-nationale.fr/deputes/fiche/OMC_PA720116"
"OPPELT","Valérie","LREM","En Marche !","F","Loire-Atlantique","valerie-oppelt","http://www2.assemblee-nationale.fr/deputes/fiche/OMC_PA720108"
"GRIVEAUX","Benjamin","LREM","En Marche !","H","Paris","benjamin-griveaux","http://www2.assemblee-nationale.fr/deputes/fiche/OMC_PA721560"
"KUSTER","Brigitte","LR","Les Républicains","F","Paris","brigitte-kuster","http://www2.assemblee-nationale.fr/deputes/fiche/OMC_PA721506"
"RUPIN","Pacôme","LREM","En Marche !","H","Paris","pacome-rupin","http://www2.assemblee-nationale.fr/deputes/fiche/OMC_PA721616"
"PERSON","Pierre","LREM","En Marche !","H","Paris","pierre-person","http://www2.assemblee-nationale.fr/deputes/fiche/OMC_PA721568"
"MAILLARD","Sylvain","LREM","En Marche !","H","Paris","sylvain-maillard","http://www2.assemblee-nationale.fr/deputes/fiche/OMC_PA717379"
"GUERINI","Stanislas","LREM","En Marche !","H","Paris","stanislas-guerini","http://www2.assemblee-nationale.fr/deputes/fiche/OMC_PA721498"
"LE GENDRE","Gilles","LREM","En Marche !","H","Paris","gilles-le-gendre","http://www2.assemblee-nationale.fr/deputes/fiche/OMC_PA721466"
"LOUWAGIE","Véronique","LR","Les Républicains","F","Orne","veronique-louwagie","http://www2.assemblee-nationale.fr/deputes/fiche/OMC_PA608016"
"TAN","Buon","LREM","En Marche !","H","Paris","buon-tan","http://www2.assemblee-nationale.fr/deputes/fiche/OMC_PA721690"
"AVIA","Laetitia","LREM","En Marche !","F","Paris","laetitia-avia","http://www2.assemblee-nationale.fr/deputes/fiche/OMC_PA721624"
"PUEYO","Joaquim","NG","Parti Socialiste","H","Orne","joaquim-pueyo","http://www2.assemblee-nationale.fr/deputes/fiche/OMC_PA608011"
"GOMEZ-BASSAC","Valérie","LREM","En Marche !","F","Var","valerie-gomez-bassac","http://www2.assemblee-nationale.fr/deputes/fiche/OMC_PA721784"
"GUEREL","Emilie","LREM","En Marche !","F","Var","emilie-guerel","http://www2.assemblee-nationale.fr/deputes/fiche/OMC_PA721792"
"MAUBORGNE","Sereine","LREM","En Marche !","F","Var","sereine-mauborgne","http://www2.assemblee-nationale.fr/deputes/fiche/OMC_PA721726"
"KLEISBAUER","Philippe-Michel","MODEM","Mouvement Démocrate","H","Var","philippe-michel-kleisbauer","http://www2.assemblee-nationale.fr/deputes/fiche/OMC_PA721734"
"MUSCHOTTI","Cécile","LREM","En Marche !","F","Var","cecile-muschotti","http://www2.assemblee-nationale.fr/deputes/fiche/OMC_PA721656"
"MASSON","Jean-Louis","LR","Les Républicains","H","Var","jean-louis-masson","http://www2.assemblee-nationale.fr/deputes/fiche/OMC_PA346218"
"LEVY","Geneviève","LR","Les Républicains","F","Var","genevieve-levy","http://www2.assemblee-nationale.fr/deputes/fiche/OMC_PA267378"
"DE LA RAUDIERE","Laure","LC","Les Républicains","F","Eure-et-Loir","laure-de-la-raudiere","http://www2.assemblee-nationale.fr/deputes/fiche/OMC_PA331567"
"MARLEIX","Olivier","LR","Les Républicains","H","Eure-et-Loir","olivier-marleix","http://www2.assemblee-nationale.fr/deputes/fiche/OMC_PA606098"
"KASBARIAN","Guillaume","LREM","En Marche !","H","Eure-et-Loir","guillaume-kasbarian","http://www2.assemblee-nationale.fr/deputes/fiche/OMC_PA719372"
"MATRAS","Fabien","LREM","En Marche !","H","Var","fabien-matras","http://www2.assemblee-nationale.fr/deputes/fiche/OMC_PA721800"
"VIGIER","Philippe","LC","Union Des Démocrates, Radicaux Et Libéraux","H","Eure-et-Loir","philippe-vigier","http://www2.assemblee-nationale.fr/deputes/fiche/OMC_PA331582"
"JONCOUR","Bruno","MODEM","Mouvement Démocrate","H","Côtes-d'Armor","bruno-joncour","http://www2.assemblee-nationale.fr/deputes/fiche/OMC_PA719210"
"CASTELLANI","Michel","NI","Régions Et Peuples Solidaires","H","Haute-Corse","michel-castellani","http://www2.assemblee-nationale.fr/deputes/fiche/OMC_PA719138"
"ACQUAVIVA","Jean-Félix","NI","Régions Et Peuples Solidaires","H","Haute-Corse","jean-felix-acquaviva","http://www2.assemblee-nationale.fr/deputes/fiche/OMC_PA719146"
"BERVILLE","Hervé","LREM","En Marche !","H","Côtes-d'Armor","herve-berville","http://www2.assemblee-nationale.fr/deputes/fiche/OMC_PA719218"
"BOTHOREL","Eric","LREM","En Marche !","H","Côtes-d'Armor","eric-bothorel","http://www2.assemblee-nationale.fr/deputes/fiche/OMC_PA642695"
"KERLOGOT","Yannick","LREM","En Marche !","H","Côtes-d'Armor","yannick-kerlogot","http://www2.assemblee-nationale.fr/deputes/fiche/OMC_PA719230"
"LAUZZANA","Michel","LREM","En Marche !","H","Lot-et-Garonne","michel-lauzzana","http://www2.assemblee-nationale.fr/deputes/fiche/OMC_PA720022"
"BONY","Jean-Yves","LR","Les Républicains","H","Cantal","jean-yves-bony","http://www2.assemblee-nationale.fr/deputes/fiche/OMC_PA266793"
"DESCOEUR","Vincent","LR","Les Républicains","H","Cantal","vincent-descoeur","http://www2.assemblee-nationale.fr/deputes/fiche/OMC_PA330909"
"MICHEL","Monica","LREM","En Marche !","F","Bouches-du-Rhône","monica-michel","http://www2.assemblee-nationale.fr/deputes/fiche/OMC_PA719130"
"PETEL","Anne-Laurence","LREM","En Marche !","F","Bouches-du-Rhône","anne-laurence-petel","http://www2.assemblee-nationale.fr/deputes/fiche/OMC_PA718930"
"REYNÈS","Bernard","LR","Les Républicains","H","Bouches-du-Rhône","bernard-reynes","http://www2.assemblee-nationale.fr/deputes/fiche/OMC_PA330788"
"DIARD","Eric","LR","Les Républicains","H","Bouches-du-Rhône","eric-diard","http://www2.assemblee-nationale.fr/deputes/fiche/OMC_PA267440"
"DHARRÉVILLE","Pierre","GDR","Parti Communiste Francais","H","Bouches-du-Rhône","pierre-dharreville","http://www2.assemblee-nationale.fr/deputes/fiche/OMC_PA718926"
"LAMBERT","François-Michel","LREM","En Marche !","H","Bouches-du-Rhône","francois-michel-lambert","http://www2.assemblee-nationale.fr/deputes/fiche/OMC_PA605518"
"LAQHILA","Mohamed","MODEM","Mouvement Démocrate","H","Bouches-du-Rhône","mohamed-laqhila","http://www2.assemblee-nationale.fr/deputes/fiche/OMC_PA718978"
"MOLAC","Paul","LREM","En Marche !","H","Morbihan","paul-molac","http://www2.assemblee-nationale.fr/deputes/fiche/OMC_PA607619"
"LORION","David","LR","Les Républicains","H","Réunion","david-lorion","http://www2.assemblee-nationale.fr/deputes/fiche/OMC_PA721054"
"JACQUES","Jean-Michel","LREM","En Marche !","H","Morbihan","jean-michel-jacques","http://www2.assemblee-nationale.fr/deputes/fiche/OMC_PA720354"
"RAMASSAMY","Nadia","LR","Les Républicains","F","Réunion","nadia-ramassamy","http://www2.assemblee-nationale.fr/deputes/fiche/OMC_PA721070"
"LECOQ","Jean-Paul","GDR","Parti Communiste Francais","H","Seine-Maritime","jean-paul-lecoq","http://www2.assemblee-nationale.fr/deputes/fiche/OMC_PA335612"
"KERBARH","Stéphanie","LREM","En Marche !","F","Seine-Maritime","stephanie-kerbarh","http://www2.assemblee-nationale.fr/deputes/fiche/OMC_PA721514"
"JUMEL","Sébastien","GDR","Parti Communiste Francais","H","Seine-Maritime","sebastien-jumel","http://www2.assemblee-nationale.fr/deputes/fiche/OMC_PA722202"
"FIRMIN LE BODO","Agnès","LC","Les Républicains","F","Seine-Maritime","agnes-firmin-le-bodo","http://www2.assemblee-nationale.fr/deputes/fiche/OMC_PA267780"
"SYLLA","Sira","LREM","En Marche !","F","Seine-Maritime","sira-sylla","http://www2.assemblee-nationale.fr/deputes/fiche/OMC_PA722118"
"BOUILLON","Christophe","NG","Parti Socialiste","H","Seine-Maritime","christophe-bouillon","http://www2.assemblee-nationale.fr/deputes/fiche/OMC_PA267233"
"VIDAL","Annie","LREM","En Marche !","F","Seine-Maritime","annie-vidal","http://www2.assemblee-nationale.fr/deputes/fiche/OMC_PA722102"
"WULFRANC","Hubert","GDR","Parti Communiste Francais","H","Seine-Maritime","hubert-wulfranc","http://www2.assemblee-nationale.fr/deputes/fiche/OMC_PA722110"
"PELLOIS","Hervé","LREM","En Marche !","H","Morbihan","herve-pellois","http://www2.assemblee-nationale.fr/deputes/fiche/OMC_PA607595"
"GAILLOT","Albane","LREM","En Marche !","F","Val-de-Marne","albane-gaillot","http://www2.assemblee-nationale.fr/deputes/fiche/OMC_PA721246"
"PANOT","Mathilde","LFI","La France Insoumise","F","Val-de-Marne","mathilde-panot","http://www2.assemblee-nationale.fr/deputes/fiche/OMC_PA720892"
"BASSIRE","Nathalie","LR","Les Républicains","F","Réunion","nathalie-bassire","http://www2.assemblee-nationale.fr/deputes/fiche/OMC_PA721046"
"FAURE-MUNTIAN","Valéria","LREM","En Marche !","F","Loire","valeria-faure-muntian","http://www2.assemblee-nationale.fr/deputes/fiche/OMC_PA719960"
"MIS","Jean-Michel","LREM","En Marche !","H","Loire","jean-michel-mis","http://www2.assemblee-nationale.fr/deputes/fiche/OMC_PA719952"
"JUANICO","Régis","NG","Parti Socialiste","H","Loire","regis-juanico","http://www2.assemblee-nationale.fr/deputes/fiche/OMC_PA332614"
"BOROWCZYK","Julien","LREM","En Marche !","H","Loire","julien-borowczyk","http://www2.assemblee-nationale.fr/deputes/fiche/OMC_PA719980"
"SARLES","Nathalie","LREM","Mouvement Démocrate","F","Loire","nathalie-sarles","http://www2.assemblee-nationale.fr/deputes/fiche/OMC_PA719972"
"CINIERI","Dino","LR","Les Républicains","H","Loire","dino-cinieri","http://www2.assemblee-nationale.fr/deputes/fiche/OMC_PA267429"
"MOREL A L'HUISSIER","Pierre","LC","Les Républicains","H","Lozère","pierre-morel-a-l-huissier","http://www2.assemblee-nationale.fr/deputes/fiche/OMC_PA266788"
"ROLLAND","Vincent","LR","Les Républicains","H","Savoie","vincent-rolland","http://www2.assemblee-nationale.fr/deputes/fiche/OMC_PA266808"
"DEGOIS","Typhanie","LREM","En Marche !","F","Savoie","typhanie-degois","http://www2.assemblee-nationale.fr/deputes/fiche/OMC_PA721398"
"MIGNOLA","Patrick","MODEM","Mouvement Démocrate","H","Savoie","patrick-mignola","http://www2.assemblee-nationale.fr/deputes/fiche/OMC_PA721418"
"EL GUERRAB","M'Jid","LREM","En Marche !","H","Français établis hors de France","m-jid-el-guerrab","http://www2.assemblee-nationale.fr/deputes/fiche/OMC_PA720996"
"BOUDIÉ","Florent","LREM","En Marche !","H","Gironde","florent-boudie","http://www2.assemblee-nationale.fr/deputes/fiche/OMC_PA606507"
"HAMMERER","Véronique","LREM","En Marche !","F","Gironde","veronique-hammerer","http://www2.assemblee-nationale.fr/deputes/fiche/OMC_PA719652"
"DUBOS","Christelle","LREM","En Marche !","F","Gironde","christelle-dubos","http://www2.assemblee-nationale.fr/deputes/fiche/OMC_PA719660"
"CORBIÈRE","Alexis","LFI","La France Insoumise","H","Seine-Saint-Denis","alexis-corbiere","http://www2.assemblee-nationale.fr/deputes/fiche/OMC_PA721210"
"ROBERT","Mireille","LREM","En Marche !","F","Aude","mireille-robert","http://www2.assemblee-nationale.fr/deputes/fiche/OMC_PA718810"
"PEREA","Alain","LREM","En Marche !","H","Aude","alain-perea","http://www2.assemblee-nationale.fr/deputes/fiche/OMC_PA718802"
"HÉRIN","Danièle","LREM","En Marche !","F","Aude","daniele-herin","http://www2.assemblee-nationale.fr/deputes/fiche/OMC_PA718794"
"CLÉMENT","Jean-Michel","LREM","En Marche !","H","Vienne","jean-michel-clement","http://www2.assemblee-nationale.fr/deputes/fiche/OMC_PA336439"
"HOULIÉ","Sacha","LREM","En Marche !","H","Vienne","sacha-houlie","http://www2.assemblee-nationale.fr/deputes/fiche/OMC_PA722150"
"SAVATIER","Jacques","LREM","En Marche !","H","Vienne","jacques-savatier","http://www2.assemblee-nationale.fr/deputes/fiche/OMC_PA722078"
"TURQUOIS","Nicolas","MODEM","Mouvement Démocrate","H","Vienne","nicolas-turquois","http://www2.assemblee-nationale.fr/deputes/fiche/OMC_PA722162"
"CHAPELIER","Annie","LREM","En Marche !","F","Gard","annie-chapelier","http://www2.assemblee-nationale.fr/deputes/fiche/OMC_PA719448"
"GAILLARD","Olivier","LREM","En Marche !","H","Gard","olivier-gaillard","http://www2.assemblee-nationale.fr/deputes/fiche/OMC_PA719480"
"BERTA","Philippe","MODEM","En Marche !","H","Gard","philippe-berta","http://www2.assemblee-nationale.fr/deputes/fiche/OMC_PA719488"
"DUMAS","Françoise","LREM","En Marche !","F","Gard","francoise-dumas","http://www2.assemblee-nationale.fr/deputes/fiche/OMC_PA606202"
"COLLARD","Gilbert","NI","Front National","H","Gard","gilbert-collard","http://www2.assemblee-nationale.fr/deputes/fiche/OMC_PA606212"
"CELLIER","Anthony","LREM","En Marche !","H","Gard","anthony-cellier","http://www2.assemblee-nationale.fr/deputes/fiche/OMC_PA719440"
"DI POMPEO","Christophe","LREM","En Marche !","H","Nord","christophe-di-pompeo","http://www2.assemblee-nationale.fr/deputes/fiche/OMC_PA720438"
"BERNALICIS","Ugo","LFI","La France Insoumise","H","Nord","ugo-bernalicis","http://www2.assemblee-nationale.fr/deputes/fiche/OMC_PA720430"
"QUATENNENS","Adrien","LFI","La France Insoumise","H","Nord","adrien-quatennens","http://www2.assemblee-nationale.fr/deputes/fiche/OMC_PA720422"
"VERCAMER","Francis","LC","Union Des Démocrates, Radicaux Et Libéraux","H","Nord","francis-vercamer","http://www2.assemblee-nationale.fr/deputes/fiche/OMC_PA267585"
"LECOCQ","Charlotte","LREM","En Marche !","F","Nord","charlotte-lecocq","http://www2.assemblee-nationale.fr/deputes/fiche/OMC_PA720480"
"HUYGHE","Sébastien","LR","Les Républicains","H","Nord","sebastien-huyghe","http://www2.assemblee-nationale.fr/deputes/fiche/OMC_PA267200"
"LISO","Brigitte","LREM","En Marche !","F","Nord","brigitte-liso","http://www2.assemblee-nationale.fr/deputes/fiche/OMC_PA720446"
"FANGET","Michel","MODEM","Mouvement Démocrate","H","Puy-de-Dôme","michel-fanget","http://www2.assemblee-nationale.fr/deputes/fiche/OMC_PA1276"
"CHASSAIGNE","André","GDR","Parti Communiste Francais","H","Puy-de-Dôme","andre-chassaigne","http://www2.assemblee-nationale.fr/deputes/fiche/OMC_PA267306"
"PETIT","Valérie","LREM","En Marche !","F","Nord","valerie-petit","http://www2.assemblee-nationale.fr/deputes/fiche/OMC_PA720500"
"OSSON","Catherine","LREM","En Marche !","F","Nord","catherine-osson","http://www2.assemblee-nationale.fr/deputes/fiche/OMC_PA720492"
"THOMAS","Valérie","LREM","En Marche !","F","Puy-de-Dôme","valerie-thomas","http://www2.assemblee-nationale.fr/deputes/fiche/OMC_PA720830"
"PIRÈS BEAUNE","Christine","NG","Parti Socialiste","F","Puy-de-Dôme","christine-pires-beaune","http://www2.assemblee-nationale.fr/deputes/fiche/OMC_PA608172"
"VICHNIEVSKY","Laurence","MODEM","Mouvement Démocrate","F","Puy-de-Dôme","laurence-vichnievsky","http://www2.assemblee-nationale.fr/deputes/fiche/OMC_PA720704"
"PALUSZKIEWICZ","Xavier","LREM","En Marche !","H","Meurthe-et-Moselle","xavier-paluszkiewicz","http://www2.assemblee-nationale.fr/deputes/fiche/OMC_PA720402"
"CHICHE","Guillaume","LREM","En Marche !","H","Deux-Sèvres","guillaume-chiche","http://www2.assemblee-nationale.fr/deputes/fiche/OMC_PA722126"
"FIEVET","Jean-Marie","LREM","En Marche !","H","Deux-Sèvres","jean-marie-fievet","http://www2.assemblee-nationale.fr/deputes/fiche/OMC_PA722134"
"BACHELIER","Florian","LREM","En Marche !","H","Ille-et-Vilaine","florian-bachelier","http://www2.assemblee-nationale.fr/deputes/fiche/OMC_PA719770"
"LAABID","Mostapha","LREM","En Marche !","H","Ille-et-Vilaine","mustapha-laabid","http://www2.assemblee-nationale.fr/deputes/fiche/OMC_PA719842"
"MESNIER","Thomas","LREM","En Marche !","H","Charente","thomas-mesnier","http://www2.assemblee-nationale.fr/deputes/fiche/OMC_PA719072"
"MARSAUD","Sandra","LREM","En Marche !","F","Charente","sandra-marsaud","http://www2.assemblee-nationale.fr/deputes/fiche/OMC_PA719080"
"LAMBERT","Jérôme","NG","Parti Socialiste","H","Charente","jerome-lambert","http://www2.assemblee-nationale.fr/deputes/fiche/OMC_PA1809"
"CLOAREC","Christine","LREM","En Marche !","F","Ille-et-Vilaine","christine-cloarec","http://www2.assemblee-nationale.fr/deputes/fiche/OMC_PA719756"
"LE BOHEC","Gaël","LREM","En Marche !","H","Ille-et-Vilaine","gael-le-bohec","http://www2.assemblee-nationale.fr/deputes/fiche/OMC_PA719728"
"LURTON","Gilles","LR","Les Républicains","H","Ille-et-Vilaine","gilles-lurton","http://www2.assemblee-nationale.fr/deputes/fiche/OMC_PA606712"
"BENOIT","Thierry","LC","Union Des Démocrates, Radicaux Et Libéraux","H","Ille-et-Vilaine","thierry-benoit","http://www2.assemblee-nationale.fr/deputes/fiche/OMC_PA332228"
"DUSSOPT","Olivier","NG","Parti Socialiste","H","Ardèche","olivier-dussopt","http://www2.assemblee-nationale.fr/deputes/fiche/OMC_PA330357"
"BRUN","Fabrice","LR","Les Républicains","H","Ardèche","fabrice-brun","http://www2.assemblee-nationale.fr/deputes/fiche/OMC_PA718838"
"SAULIGNAC","Hervé","NG","Parti Socialiste","H","Ardèche","herve-saulignac","http://www2.assemblee-nationale.fr/deputes/fiche/OMC_PA340343"
"ADAM","Damien","LREM","En Marche !","H","Seine-Maritime","damien-adam","http://www2.assemblee-nationale.fr/deputes/fiche/OMC_PA722038"
"GRAU","Romain","LREM","En Marche !","H","Pyrénées-Orientales","romain-grau","http://www2.assemblee-nationale.fr/deputes/fiche/OMC_PA720790"
"ROUILLARD","Gwendal","LREM","En Marche !","H","Morbihan","gwendal-rouillard","http://www2.assemblee-nationale.fr/deputes/fiche/OMC_PA343493"
"GAYTE","Laurence","LREM","En Marche !","F","Pyrénées-Orientales","laurence-gayte","http://www2.assemblee-nationale.fr/deputes/fiche/OMC_PA720806"
"ALIOT","Louis","NI","Front National","H","Pyrénées-Orientales","louis-aliot","http://www2.assemblee-nationale.fr/deputes/fiche/OMC_PA720798"
"BAREIGTS","Ericka","NG","Parti Socialiste","F","Réunion","ericka-bareigts","http://www2.assemblee-nationale.fr/deputes/fiche/OMC_PA610681"
"CAZENOVE","Sébastien","LREM","En Marche !","H","Pyrénées-Orientales","sebastien-cazenove","http://www2.assemblee-nationale.fr/deputes/fiche/OMC_PA720814"
"LE PEIH","Nicole","LREM","En Marche !","F","Morbihan","nicole-le-peih","http://www2.assemblee-nationale.fr/deputes/fiche/OMC_PA720342"
"HERTH","Antoine","LC","Les Républicains","H","Bas-Rhin","antoine-herth","http://www2.assemblee-nationale.fr/deputes/fiche/OMC_PA267355"
"PANCHER","Bertrand","LC","Union Des Démocrates, Radicaux Et Libéraux","H","Meuse","bertrand-pancher","http://www2.assemblee-nationale.fr/deputes/fiche/OMC_PA333421"
"LARRIVÉ","Guillaume","LR","Les Républicains","H","Yonne","guillaume-larrive","http://www2.assemblee-nationale.fr/deputes/fiche/OMC_PA267785"
"VILLIERS","André","LC","Union Des Démocrates, Radicaux Et Libéraux","H","Yonne","andre-villiers","http://www2.assemblee-nationale.fr/deputes/fiche/OMC_PA421348"
"CROUZET","Michèle","LREM","En Marche !","F","Yonne","michele-crouzet","http://www2.assemblee-nationale.fr/deputes/fiche/OMC_PA721808"
"MEYNIER-MILLEFERT","Marjolaine","LREM","En Marche !","F","Isère","marjolaine-meynier-millefert","http://www2.assemblee-nationale.fr/deputes/fiche/OMC_PA719882"
"RAPHAN","Pierre-Alain","LREM","En Marche !","H","Essonne","pierre-alain-raphan","http://www2.assemblee-nationale.fr/deputes/fiche/OMC_PA721888"
